# ************************************************************
# Sequel Pro SQL dump
# Version 4541
#
# http://www.sequelpro.com/
# https://github.com/sequelpro/sequelpro
#
# HÙte: 0.0.0.0 (MySQL 5.7.31)
# Base de donnÈes: games
# Temps de gÈnÈration: 2022-05-13 16:49:16 +0000
# ************************************************************


/*!40101 SET @OLD_CHARACTER_SET_CLIENT=@@CHARACTER_SET_CLIENT */;
/*!40101 SET @OLD_CHARACTER_SET_RESULTS=@@CHARACTER_SET_RESULTS */;
/*!40101 SET @OLD_COLLATION_CONNECTION=@@COLLATION_CONNECTION */;
/*!40101 SET NAMES utf8 */;
/*!40014 SET @OLD_FOREIGN_KEY_CHECKS=@@FOREIGN_KEY_CHECKS, FOREIGN_KEY_CHECKS=0 */;
/*!40101 SET @OLD_SQL_MODE=@@SQL_MODE, SQL_MODE='NO_AUTO_VALUE_ON_ZERO' */;
/*!40111 SET @OLD_SQL_NOTES=@@SQL_NOTES, SQL_NOTES=0 */;


# Affichage de la table games
# ------------------------------------------------------------

DROP TABLE IF EXISTS `games`;

CREATE TABLE `games` (
  `id` smallint(11) unsigned NOT NULL AUTO_INCREMENT,
  `title` varchar(255) NOT NULL DEFAULT '',
  PRIMARY KEY (`id`),
  KEY `title` (`title`)
) ENGINE=InnoDB DEFAULT CHARSET=utf8mb4;

LOCK TABLES `games` WRITE;
/*!40000 ALTER TABLE `games` DISABLE KEYS */;

INSERT INTO `games` (`id`, `title`)
VALUES
	(37,'007 Le monde ne suffit pas'),
	(43,'1080¬∞ Snowboarding'),
	(146,'688 Sumarine'),
	(135,'A-10 Tank Killer'),
	(138,'A10-II Silent Thunder'),
	(264,'Ace Ventura'),
	(147,'Aces High'),
	(133,'Aces of the Pacific'),
	(132,'Aces over Europe'),
	(200,'Age of Empires Gold'),
	(107,'Age of Empires II'),
	(108,'Age Of Empires II The Conquerors'),
	(161,'Age Of Empires III'),
	(163,'Age Of Empires III Asian Dynasties'),
	(162,'Age Of Empires III Warchiefs'),
	(190,'Alice Madness Returns'),
	(257,'Alone in the dark'),
	(354,'Alone in the Dark 2: One eyed Jack\'s Revenge'),
	(307,'Alone in the Dark 3 '),
	(308,'Alone in the Dark: The New Nightmare'),
	(339,'American McGee\'s Alice'),
	(373,'Anno 1602'),
	(279,'Another World'),
	(270,'Atlantis'),
	(351,'Atlantis II'),
	(371,'Aztec'),
	(269,'Back to the Future: The Game'),
	(95,'Band Hero'),
	(362,'Beavis and Butt-Head in Virtual Stupidity'),
	(356,'Beetle Adventures Racing'),
	(219,'Beetle Crazy Cup'),
	(255,'Black and White'),
	(186,'Black And White 2'),
	(284,'Blade Runner'),
	(253,'Bloodmoon (Extension Morrowind)'),
	(325,'Broken Sword 3: The Sleeping Dragon'),
	(326,'Broken Sword 4: The Angel of Death'),
	(327,'Broken Sword 5: The Serpent\'s Curse'),
	(14,'Bug'),
	(150,'Caesar 2'),
	(322,'Caesar 3'),
	(119,'Carmageddon'),
	(120,'Carmageddon 2'),
	(273,'Chicago 1930'),
	(338,'Chine intrigue dans la cit√© interdite'),
	(9,'ClockWork Knight'),
	(2,'Columns'),
	(126,'Combat Flight Simulator'),
	(258,'Combat Flight Simulator 2'),
	(137,'Command Aces of the Deep'),
	(110,'Commandos II'),
	(114,'Commandos: Derri√®re les lignes ennemies'),
	(115,'Commandos: Le sens du devoir'),
	(52,'Confict Zone'),
	(224,'Conker\'s Bad Fur Day'),
	(180,'Constructor'),
	(372,'Cossacks'),
	(31,'Crash Bandicoot 3'),
	(62,'Crash Bandicoot: La vengeance de Cortex'),
	(177,'Crazy Taxi'),
	(375,'Croc: legend of the gobbos'),
	(232,'Daria'),
	(310,'Dark Earth'),
	(13,'Daytona USA'),
	(97,'D√©monts et Manants'),
	(195,'Descent'),
	(214,'Desperados I : Wanted Dead or Alive'),
	(312,'Desperados II: Western Commandos : La Revanche de Cooper'),
	(314,'Desperados III'),
	(313,'Desperados: Helldorado'),
	(148,'Destroyer Simulation'),
	(377,'Destruction Derby'),
	(363,'Deus ex'),
	(19,'Die Hard Trilogy'),
	(271,'Dino Crisis'),
	(259,'Dino Crisis 2'),
	(89,'Disaster day of crisis'),
	(201,'Discworld'),
	(202,'Discworld 2'),
	(361,'Discworld noir'),
	(359,'Donkey Kong 64'),
	(358,'Donkey Kong Country'),
	(94,'Donkey Kong Country Returns'),
	(83,'Donkey Konga 2'),
	(290,'Dracula'),
	(179,'Dracula 2'),
	(152,'Dreadnough'),
	(17,'Driver'),
	(18,'Driver 2'),
	(276,'Dune'),
	(170,'Dust A tale in the wired west'),
	(239,'Ecstatica 2'),
	(141,'Egypte 1'),
	(337,'Egypte II'),
	(93,'Epic Mickey'),
	(79,'Eternal Darkness'),
	(54,'Evolution the world of sacred device'),
	(125,'F22 Lighting II'),
	(59,'F355 Challenge'),
	(275,'Fallout'),
	(369,'Faust'),
	(352,'Fifa 11'),
	(348,'Fifa 2000'),
	(29,'Fifa 97'),
	(27,'Fifa 98'),
	(376,'Fifa 99'),
	(7,'Fifa Soccer 96'),
	(208,'Fighting Steel'),
	(10,'Firestorm Thunderhawk 2'),
	(233,'Football Manager 2005'),
	(171,'Football Manager 96/97'),
	(222,'Football Manager 98/99'),
	(117,'Frankeinstein The Eyes of the Monster'),
	(251,'Gabriel Knight I: Sins of The Father'),
	(102,'Gabriel Knight II: The Beast Whithin'),
	(267,'Gabriel Knight III: Blood of the Sacred, Blood of the Damned'),
	(234,'Gobliiins'),
	(281,'Gobliins 2: The Prince Buffoon'),
	(282,'Goblins Quest 3'),
	(40,'Goldeneye'),
	(20,'Gran Turismo II'),
	(164,'Grim Fandango'),
	(153,'Half Life'),
	(166,'Hitman'),
	(154,'Holiday Island'),
	(100,'IL2 Sturmovik'),
	(262,'Indiana Jones and the fate of Atlantis'),
	(283,'Indiana Jones and the last crusade'),
	(344,'Indiana Jones et la Machine Infernale'),
	(112,'Iznogoud'),
	(333,'Jack and Daxter'),
	(305,'Jack in the Dark'),
	(265,'Kursk'),
	(243,'L\'Amerzone'),
	(144,'Le bouclier de Quetzacoatl (Broken sword II)'),
	(69,'Le monde des bleus 2002'),
	(172,'Le tr√©sor du San Diego'),
	(245,'Leisure Suit Larry I: in the Land of the Lounge Lizards'),
	(291,'Leisure Suit Larry II: Goes Looking for Love (in Several Wrong Places)'),
	(292,'Leisure Suit Larry III: Passionate Patti in Pursuit of the Pulsating Pectorals'),
	(293,'Leisure Suit Larry V: Passionate Patti Does a Little Undercover Work'),
	(294,'Leisure Suit Larry VI: Shape Up or Slip Out!'),
	(295,'Leisure Suit Larry VII: Love for Sail!'),
	(297,'Leisure Suit Larry: Box Office Bust'),
	(296,'Leisure Suit Larry: Magna Cum Laude'),
	(298,'Leisure Suit Larry: Reloaded'),
	(299,'Leisure Suit Larry: Wet Dreams Don\'t Dry'),
	(203,'Lemmings Revolution'),
	(145,'Les chevaliers de Baphomet (Broken Sword 1)'),
	(199,'Les cochons de guerre'),
	(86,'Les lapins cr√©tins: retour vers le pass√©'),
	(28,'Les Razmokets'),
	(309,'Les Visiteurs : le jeu'),
	(198,'Les Visiteurs: la relique de Sainte Rolande'),
	(38,'Little Big Adventure'),
	(130,'Little Big Adventure 2'),
	(155,'Liverpool FC'),
	(277,'Loom'),
	(334,'Lost Horizon'),
	(350,'Luigi\'s Mansion'),
	(207,'Mafia'),
	(184,'Mafia 2'),
	(123,'Marine Malice et le Myst√®re des graines d\'algues'),
	(45,'Mario 64'),
	(46,'Mario Golf'),
	(48,'Mario Kart 64'),
	(81,'Mario Kart Double Dash'),
	(85,'Mario Kart Wii'),
	(76,'Mario Party 5'),
	(47,'Mario Tennis'),
	(315,'Max Payne'),
	(33,'Medal Of Honor'),
	(187,'Medal Of Honor Allied Assault'),
	(104,'Medal Of Honor l\'Offensive'),
	(32,'Medal Of Honor Resistance'),
	(129,'Medal Of Honor Spearhead'),
	(24,'Medievil'),
	(25,'Metal Gear Solid'),
	(167,'Metal Rage'),
	(236,'Midtown Madness'),
	(237,'Midtown Madness 2'),
	(156,'Monkey Island II'),
	(140,'Monkey Island III'),
	(139,'Monkey Island IV'),
	(181,'Morrowind'),
	(225,'Myst'),
	(288,'Myst II : Riven'),
	(289,'Myst III - Exile'),
	(319,'Myst IV: Revelation'),
	(78,'NBA Courtside 2002'),
	(197,'Need For Speed III'),
	(196,'Need For Speed V'),
	(250,'Nibiru : age of secrets'),
	(209,'Oblivion'),
	(240,'Pandemonium'),
	(241,'Pandemonium 2'),
	(374,'Panzer Commander'),
	(316,'Panzer General II'),
	(263,'Paradise'),
	(345,'Parasite Eve'),
	(335,'Paris 1313 le disparu de notre dame'),
	(165,'Phantasmagoria'),
	(256,'Phantasmagoria 2'),
	(323,'Pharaon'),
	(370,'Pilgrim'),
	(355,'Pilot Wings'),
	(105,'Pirates'),
	(286,'Pompei'),
	(142,'Power Chess'),
	(300,'Pro Evolution Soccer'),
	(64,'Pro Evolution Soccer 2'),
	(111,'Pro Evolution Soccer 6'),
	(157,'Project IGI'),
	(367,'Quest for Glory: Shadows of Darkness'),
	(341,'Rayman 2: The Great Escape'),
	(364,'Rayman 3: Hoodlum Havoc'),
	(304,'Rayman contre les lapins encore + cr√©tins'),
	(134,'Red Baron'),
	(127,'Red Baron 3D'),
	(21,'Resident Evil'),
	(74,'Resident Evil 0'),
	(22,'Resident Evil 2'),
	(23,'Resident Evil 3'),
	(58,'Resident Evil Code Veronica'),
	(88,'Resident Evil The Dark Side Chronicle'),
	(84,'Resident Evil Umbrella Chronicles'),
	(4,'Revenge Of Shinobi'),
	(34,'Ridge Racer Type 4'),
	(128,'Rise of Nations  '),
	(113,'Rise Of Nations Throne & Patriots'),
	(321,'Rule the waves II'),
	(215,'Runaway'),
	(229,'Runaway 2'),
	(230,'Runaway 3 '),
	(261,'Sam and Max'),
	(204,'Screamer 4x4 Rally'),
	(11,'Sega Rally'),
	(169,'Sega Rally 2'),
	(1,'Sega Soccer'),
	(36,'Sherif fais moi peur'),
	(213,'Shivers'),
	(26,'Silent Hill'),
	(71,'Silent Hill 2'),
	(70,'Silent Hill 3'),
	(68,'Silent Hill 4'),
	(73,'Silent Hill Origins'),
	(98,'Silent Hunter II'),
	(191,'Silent Hunter III'),
	(185,'Silent Hunter IV'),
	(223,'Simcity 2000'),
	(368,'Simcity 3000'),
	(247,'Simon the sorcerer'),
	(347,'Soccer'),
	(5,'Sonic'),
	(50,'Sonic Adventure'),
	(349,'Sonic R'),
	(378,'Soviet Strike'),
	(343,'Space Station Silicon Valley'),
	(53,'Speed Devils'),
	(182,'Splinter Cell'),
	(116,'SPQR'),
	(192,'Star Wars Knights Of The Old Republic'),
	(311,'Star Wars racer'),
	(342,'Star Wars: Episode I Battle for Naboo'),
	(121,'Starcraft'),
	(99,'Starcraft Brood War'),
	(6,'Streets of Rage'),
	(87,'Super Mario Bros Wii'),
	(252,'Super Mario Land 2'),
	(3,'Super Monaco GP'),
	(92,'Super Smash Bros Brawl'),
	(80,'Super Smash Bros Melee'),
	(366,'Swat 2'),
	(193,'Syberia'),
	(211,'Syberia 2'),
	(231,'Syberia 3'),
	(328,'Tales of Monkey Island: chapter 1'),
	(329,'Tales of Monkey Island: chapter 2 The siege of spinner cay'),
	(330,'Tales of Monkey Island: chapter 3: lair of the leviathan'),
	(331,'Tales of Monkey Island: chapter 4: the trial and execution of Guybrush Threepwood'),
	(332,'Tales of Monkey Island: chapter 5: rise of the pirate god'),
	(39,'Tekken 3'),
	(72,'Tekken 5'),
	(61,'Tekken Tag'),
	(136,'The aviation pionneers'),
	(249,'The day of the tentacle'),
	(90,'The Dead Rising'),
	(246,'The dig'),
	(101,'The FullThrottle'),
	(160,'The Last Express'),
	(346,'The Legend of Zelda: A Link to the Past'),
	(360,'The Settlers II'),
	(106,'The Settlers II - Tenth anniversary edition'),
	(175,'The X Files'),
	(205,'Theme Hospital'),
	(260,'Thimbleweed Park'),
	(176,'Titanic un voyage interactif'),
	(96,'Titanic: An Adventure Out Of Time'),
	(8,'Tomb Raider'),
	(122,'Tomb Raider II'),
	(220,'Tomb Raider III'),
	(159,'Tomb Raider IV'),
	(287,'Tomb Raider V'),
	(178,'Tout le bridge aujourd\'hui'),
	(158,'Transport Tycoon Deluxe'),
	(210,'Tribunal (ext. Morrowind)'),
	(56,'Trick Style'),
	(218,'Trine 1'),
	(217,'Trine 2'),
	(189,'Un voisin d\'enfer'),
	(320,'Uru: ages beyond Myst'),
	(51,'V-Rally 2  Expert Edition'),
	(30,'V-Rally 97 Championship Edition'),
	(188,'Versailles'),
	(174,'Versailles II'),
	(60,'Vigilant 8 2nd Offense'),
	(301,'Vigilante 8'),
	(16,'Virtua Cop 2'),
	(183,'Virtua Tennis'),
	(168,'Virtua Tennis 3'),
	(194,'Virtual Pool'),
	(149,'Warbird 2'),
	(274,'Warcraft Adventures'),
	(285,'Warcraft II'),
	(91,'Wii Sports'),
	(35,'Wing Over'),
	(206,'Woodruff'),
	(44,'World Cup 98'),
	(15,'Worlwide Soccer 97'),
	(143,'Worms Armagueddon'),
	(124,'Worms Fort Etat de Si√®ge'),
	(340,'WWII Online'),
	(248,'Yesterday Origins'),
	(357,'Yoshi\'s Island'),
	(49,'Yoshi\'s Story'),
	(42,'Zelda Majora\'s Mask'),
	(41,'Zelda Ocarina Of Time'),
	(82,'Zelda Twilight Princess'),
	(75,'Zelda WindWaker');

/*!40000 ALTER TABLE `games` ENABLE KEYS */;
UNLOCK TABLES;


# Affichage de la table games_meta
# ------------------------------------------------------------

DROP TABLE IF EXISTS `games_meta`;

CREATE TABLE `games_meta` (
  `version_id` smallint(11) unsigned NOT NULL,
  `todo_solo_sometimes` tinyint(1) unsigned NOT NULL DEFAULT '0',
  `todo_multiplayer_sometimes` tinyint(1) unsigned NOT NULL DEFAULT '0',
  `singleplayer_recurring` tinyint(1) unsigned NOT NULL DEFAULT '0',
  `multiplayer_recurring` tinyint(1) unsigned NOT NULL DEFAULT '0',
  `to_do` tinyint(1) unsigned NOT NULL DEFAULT '0',
  `to_buy` tinyint(1) unsigned NOT NULL DEFAULT '0',
  `to_watch_background` tinyint(1) unsigned NOT NULL DEFAULT '0',
  `to_watch_serious` tinyint(1) unsigned NOT NULL DEFAULT '0',
  `to_rewatch` tinyint(1) unsigned NOT NULL DEFAULT '0',
  `original` tinyint(1) unsigned NOT NULL DEFAULT '0',
  `copy` tinyint(1) unsigned NOT NULL,
  `many` tinyint(1) unsigned NOT NULL,
  `top_game` tinyint(1) unsigned NOT NULL,
  `hall_of_fame` tinyint(1) unsigned NOT NULL DEFAULT '0',
  `hall_of_fame_year` smallint(11) unsigned DEFAULT NULL,
  `hall_of_fame_position` smallint(11) unsigned DEFAULT NULL,
  `played_it_often` tinyint(1) unsigned NOT NULL DEFAULT '0',
  `ongoing` tinyint(3) unsigned NOT NULL DEFAULT '0',
  `comments` text,
  `todo_with_help` tinyint(3) unsigned NOT NULL DEFAULT '0',
  `has_box` tinyint(3) unsigned NOT NULL DEFAULT '0',
  `bgf` tinyint(3) unsigned NOT NULL DEFAULT '0',
  `to_watch_position` tinyint(6) unsigned DEFAULT '0',
  `to_do_position` tinyint(6) unsigned NOT NULL DEFAULT '0',
  PRIMARY KEY (`version_id`)
) ENGINE=InnoDB DEFAULT CHARSET=utf8mb4;

LOCK TABLES `games_meta` WRITE;
/*!40000 ALTER TABLE `games_meta` DISABLE KEYS */;

INSERT INTO `games_meta` (`version_id`, `todo_solo_sometimes`, `todo_multiplayer_sometimes`, `singleplayer_recurring`, `multiplayer_recurring`, `to_do`, `to_buy`, `to_watch_background`, `to_watch_serious`, `to_rewatch`, `original`, `copy`, `many`, `top_game`, `hall_of_fame`, `hall_of_fame_year`, `hall_of_fame_position`, `played_it_often`, `ongoing`, `comments`, `todo_with_help`, `has_box`, `bgf`, `to_watch_position`, `to_do_position`)
VALUES
	(1,0,0,0,0,0,0,0,0,0,1,0,0,0,0,0,0,1,0,'Sur une cartouche avec multi jeux',0,0,0,0,0),
	(2,0,0,0,0,0,0,0,0,0,1,0,0,0,0,0,0,0,0,'Sur une cartouche avec multi jeux',0,0,0,0,0),
	(3,0,0,0,0,0,0,0,0,0,1,0,0,0,0,0,0,0,0,'Sur une cartouche avec multi jeux',0,0,0,0,0),
	(4,0,0,0,0,0,0,0,0,0,1,0,0,0,0,0,0,0,0,'Sur une cartouche avec multi jeux',0,0,0,0,0),
	(5,0,0,0,0,0,0,0,0,0,1,0,0,0,0,0,0,0,0,'Sur une cartouche avec multi jeux. Jouer sur emulateur sur PC.',0,0,0,0,0),
	(6,0,0,0,0,0,0,0,0,0,1,0,0,0,0,0,0,1,0,'Sur une cartouche avec multi jeux',0,0,0,0,0),
	(7,0,0,0,0,0,0,0,0,0,1,0,0,0,1,1996,1,1,0,'',0,1,0,0,0),
	(8,0,0,0,0,0,0,0,0,0,1,0,0,0,0,0,0,0,0,'',0,1,0,0,0),
	(9,0,0,0,0,0,0,0,0,0,1,0,0,0,0,0,0,0,0,'',0,1,0,0,0),
	(10,0,0,0,0,0,0,0,0,0,1,0,0,0,0,0,0,0,0,'',0,1,0,0,0),
	(11,1,0,0,0,0,0,0,0,0,1,0,1,0,1,1998,8,1,0,'',0,1,0,0,0),
	(12,1,0,0,0,0,0,0,0,0,1,0,0,0,0,0,0,1,0,'',0,1,0,0,0),
	(13,0,0,0,0,1,0,0,0,0,1,0,0,0,0,0,0,0,0,'',0,1,0,0,0),
	(14,0,0,0,0,0,0,0,0,0,1,0,0,0,0,0,0,0,0,'',0,1,0,0,0),
	(15,0,0,0,0,0,0,0,0,0,1,0,0,0,1,1998,7,1,0,'',0,1,0,0,0),
	(16,0,0,0,0,0,0,0,0,0,1,0,0,0,0,0,0,0,0,'',0,1,0,0,0),
	(17,0,0,0,0,0,0,0,0,0,1,0,0,0,0,0,0,0,0,'',0,1,0,0,0),
	(18,0,0,0,0,0,0,0,0,0,1,0,0,0,0,0,0,0,0,'',0,1,0,0,0),
	(19,0,0,0,0,0,0,0,0,0,1,0,0,0,0,0,0,0,0,'',0,1,0,0,0),
	(20,0,0,0,0,0,0,0,0,0,1,0,0,0,0,0,0,0,0,'',0,1,0,0,0),
	(21,0,0,0,0,0,0,0,0,0,1,0,0,0,0,0,0,0,0,'',0,1,0,0,0),
	(22,0,0,0,0,0,0,0,0,0,1,0,0,0,0,0,0,0,0,'',0,1,0,0,0),
	(23,0,0,0,0,1,0,0,0,0,1,0,0,0,0,0,0,0,0,'',0,1,0,0,8),
	(24,0,0,0,0,0,0,0,0,1,1,0,0,1,1,1999,4,0,0,'',0,1,1,0,0),
	(25,0,0,0,0,0,0,0,0,1,1,0,0,1,1,2001,3,0,0,'Vu la vid√©o d\'intro en 1999 sur un CD de d√©mo.\r\nAchet√© par hasard par un copain qui ne l\'a brad√© 20F en mai 2001. Pass√© mon week-end dessus avec Pizza.',0,1,0,0,0),
	(26,0,0,0,0,0,0,0,0,0,1,0,0,0,0,0,0,0,0,'',0,1,0,0,0),
	(27,0,1,0,0,0,0,0,0,0,1,0,1,0,0,0,0,0,0,'Deux exemplaires dont un ray√©. Marche plus.',0,1,0,0,0),
	(28,0,0,0,0,0,0,0,0,0,1,0,0,0,0,0,0,0,0,'Ma version √©tait la version PC, que je n\'ai plus. La version play, que j\'ai eu plus tard, je n\'y ai presque jamais jou√©.',0,1,0,0,0),
	(29,0,0,0,0,0,0,0,0,0,1,0,0,0,0,0,0,0,0,'A Benoit',0,1,0,0,0),
	(30,0,0,0,0,0,0,0,0,0,1,0,0,0,1,2000,3,0,0,'',0,1,0,0,0),
	(31,0,0,0,0,0,0,0,0,0,1,0,0,0,0,0,0,0,0,'',0,1,0,0,0),
	(32,0,0,0,0,0,0,0,0,0,1,0,0,0,0,0,0,0,0,'',0,1,0,0,0),
	(33,0,0,0,0,0,0,0,0,0,1,0,0,0,0,0,0,0,0,'',0,1,0,0,0),
	(34,0,0,0,0,0,0,0,0,0,1,0,0,0,0,0,0,0,0,'A Benoit',0,0,0,0,0),
	(35,0,0,0,0,0,0,0,0,0,1,0,0,0,0,0,0,0,0,'A Benoit',0,0,0,0,0),
	(36,0,0,0,0,0,0,0,0,1,1,0,0,0,1,2000,5,0,0,'',0,1,0,0,0),
	(37,0,0,0,0,0,0,0,0,0,1,0,0,0,0,0,0,0,0,'',0,1,0,0,0),
	(38,0,0,0,0,0,0,0,0,0,1,0,1,0,1,2000,6,1,0,'Beaucoup jou√© √† Vialas √©t√© 2000 avec Ade, Sara et Johann',0,1,0,0,0),
	(39,0,1,0,0,0,0,0,0,0,1,0,0,0,1,1997,2,1,0,'',0,1,0,0,0),
	(40,0,0,0,0,0,0,0,0,0,1,0,0,1,1,1999,2,0,0,'',0,1,1,0,0),
	(41,0,0,0,0,0,0,0,0,0,1,0,0,0,0,0,0,0,0,'',0,0,0,0,0),
	(42,0,0,0,0,0,0,0,0,0,1,0,0,0,0,0,0,0,0,'                            ',0,0,0,0,0),
	(43,0,0,0,0,0,0,0,0,0,1,0,0,0,0,0,0,0,0,'',0,0,0,0,0),
	(44,1,0,0,0,0,0,0,0,0,1,0,0,0,0,0,0,1,0,'',0,0,0,0,0),
	(45,0,0,0,0,0,0,0,0,0,1,0,0,0,0,0,0,0,0,'',0,0,0,0,0),
	(46,0,1,0,0,0,0,0,0,0,1,0,0,0,0,0,0,0,0,'',0,0,0,0,0),
	(47,0,1,0,0,0,0,0,0,0,1,0,0,1,1,1998,6,1,0,'',0,0,1,0,0),
	(48,0,0,0,0,0,0,0,0,0,1,0,0,0,0,0,0,0,0,'',0,0,0,0,0),
	(49,0,0,0,0,1,0,0,0,0,1,0,0,0,0,0,0,0,0,'',0,1,0,0,0),
	(50,0,0,0,0,0,0,0,0,0,1,0,0,0,0,0,0,0,0,'',0,1,0,0,0),
	(51,0,0,0,0,0,0,0,0,0,1,0,0,0,0,0,0,0,0,'',0,1,0,0,0),
	(52,0,0,0,0,0,0,0,0,0,1,0,0,0,0,0,0,0,0,'',0,1,0,0,0),
	(53,0,0,0,0,0,0,0,0,0,1,0,0,0,0,0,0,0,0,'',0,1,0,0,0),
	(54,0,0,0,0,0,0,0,0,0,1,0,0,0,0,0,0,0,0,'',0,1,0,0,0),
	(55,0,0,0,0,0,0,0,0,0,1,0,0,0,0,0,0,0,0,'',0,1,0,0,0),
	(56,0,0,0,0,0,0,0,0,0,0,1,0,0,0,0,0,0,0,'',0,0,0,0,0),
	(57,0,0,0,0,0,0,0,0,0,1,0,0,0,0,0,0,0,0,'',0,1,0,0,0),
	(58,0,1,0,0,0,0,0,0,0,1,0,0,0,0,0,0,0,0,'',0,1,0,0,0),
	(59,0,0,0,0,0,0,0,0,0,1,0,0,0,0,0,0,0,0,'',0,1,0,0,0),
	(60,0,1,0,0,0,0,0,0,0,1,0,0,0,1,2002,4,1,0,'',0,1,0,0,0),
	(61,0,0,0,0,0,0,0,0,0,0,1,0,0,0,0,0,0,0,'',0,0,0,0,0),
	(62,0,0,0,0,0,0,0,0,0,1,0,0,0,0,0,0,0,0,'',0,0,0,0,0),
	(63,0,0,0,0,0,0,0,0,0,1,0,0,0,0,0,0,0,0,'Achet√© juste avant de passer mon bac.\r\nPass√© un week-end dessus chez Benoit seuls.',0,1,0,0,0),
	(64,0,0,0,0,0,0,0,0,1,1,0,0,1,1,2001,4,0,0,'',0,1,1,0,0),
	(65,0,0,0,0,0,0,0,0,0,0,1,0,0,0,0,0,0,0,'',0,0,0,0,0),
	(66,0,0,0,0,0,0,0,0,0,1,1,0,0,0,0,0,0,0,'Original + grav√© car l\'original est ray√©.',0,1,0,0,0),
	(67,0,0,0,0,0,0,0,0,0,1,0,0,0,0,0,0,0,0,'',0,1,0,0,0),
	(68,0,0,0,0,0,0,0,0,0,1,0,0,0,1,2004,5,0,0,'',0,1,0,0,0),
	(69,0,1,0,0,0,0,0,0,0,1,0,0,0,0,0,0,1,0,'',0,1,0,0,0),
	(70,0,0,0,0,0,0,0,0,0,1,0,0,0,0,0,0,0,0,'',0,1,0,0,0),
	(71,0,0,0,0,0,0,0,0,0,1,0,0,0,0,0,0,0,0,'',0,0,0,0,0),
	(72,0,0,0,0,1,0,1,0,0,1,0,0,0,0,0,0,0,0,'',0,0,0,0,3),
	(73,0,1,0,0,0,0,0,0,0,1,0,0,0,0,0,0,1,0,'',0,1,0,0,0),
	(74,0,1,0,0,0,0,0,0,0,1,0,0,0,1,2003,3,1,0,'',0,1,0,0,0),
	(75,0,0,0,0,0,0,0,0,0,1,0,0,0,0,0,0,0,0,'',0,1,0,0,0),
	(76,0,0,0,0,0,0,0,0,0,1,0,0,0,0,0,0,0,0,'',0,1,0,0,0),
	(77,0,0,0,0,0,0,0,0,0,1,0,0,0,0,0,0,0,0,'',0,1,0,0,0),
	(78,0,1,0,0,0,0,0,0,0,1,0,0,0,1,2008,1,1,0,'A lui seul m\'a fait acheter la Wii',0,1,0,0,0),
	(79,0,0,0,0,0,0,0,0,0,1,0,0,0,0,0,0,1,0,'',0,1,0,0,0),
	(80,1,1,0,0,0,0,0,0,0,1,0,0,1,1,2022,4,0,0,'',0,1,0,0,0),
	(81,0,0,0,0,0,0,0,0,0,1,0,0,0,0,0,0,0,0,'',0,1,0,0,0),
	(82,0,0,0,0,0,0,0,0,0,1,0,0,0,0,0,0,0,0,'',0,1,0,0,0),
	(83,0,0,0,0,0,0,0,0,0,1,0,0,0,0,0,0,0,0,'',0,1,0,0,0),
	(84,0,0,0,0,0,0,0,0,0,1,0,0,0,0,0,0,0,0,'',0,1,0,0,0),
	(85,0,0,0,0,0,0,0,0,0,1,0,0,0,0,0,0,0,0,'',0,1,0,0,0),
	(86,0,0,0,0,0,0,0,0,0,1,0,0,0,0,0,0,0,0,'',0,1,0,0,0),
	(87,1,1,0,0,0,0,0,0,0,1,0,0,0,1,2021,5,0,0,'',0,1,0,0,0),
	(88,0,0,0,0,0,0,0,0,0,1,0,0,0,0,0,0,0,0,'Les instruments (dont le micro) sont dans le ch√¢let.',0,1,0,0,0),
	(89,0,0,0,0,1,0,0,0,0,1,1,1,1,1,1998,1,1,0,'Le premier exemplaire, offert √† Noel 1998 est ray√©.\r\nJ\'en ai un deuxi√®me, juste les CD\r\nEnfin j\'ai rachet√© une version big box en 2021',0,1,1,0,10),
	(90,0,0,0,0,0,0,0,0,0,1,0,0,0,0,0,0,0,0,'D√©couvert via une d√©mo jouable en 1997. Compliqu√©. Rachet√© au milieu des ann√©es 2000. Non termin√©.\r\n\r\nReprendre ma sauvegarde de l\'√©t√© 2020\r\nTermin√© avril 2022',0,0,0,0,0),
	(91,0,0,0,0,0,0,0,0,0,1,0,0,0,0,0,0,0,0,'',0,0,0,0,0),
	(92,0,0,0,0,0,0,0,0,0,0,1,0,0,0,0,0,0,0,'',0,0,0,0,0),
	(93,0,0,0,0,0,0,0,0,0,1,0,0,0,0,0,0,0,0,'',0,0,0,0,0),
	(94,0,0,0,0,0,0,0,1,0,1,0,0,0,0,0,0,0,0,'A Benoit',0,0,0,0,0),
	(95,0,0,0,0,0,0,0,0,0,1,0,0,0,0,0,0,0,0,'',0,0,0,0,0),
	(96,0,0,0,0,0,0,0,0,0,0,1,0,0,0,0,0,0,0,'',0,0,0,0,0),
	(97,0,0,0,0,0,0,0,0,0,0,1,0,0,0,0,0,0,0,'',0,0,0,0,0),
	(98,0,0,1,0,0,0,0,0,0,1,1,0,0,1,2007,2,0,0,'Jou√© en 2007. Sympa mais pas fini. On avait test√© une partie en r√©seau lors de notre dernier r√©seau avec Techa et Pizza. Rejou√© en 2021.',1,1,0,0,0),
	(99,0,0,0,0,0,0,0,0,0,1,1,1,1,1,1999,6,1,0,'2 exemplaires dont une copie',0,1,0,0,0),
	(100,0,0,0,1,0,0,0,0,0,1,1,1,0,0,0,0,0,0,'2 exemplaires dont une copie',0,1,0,0,0),
	(101,0,0,0,0,0,0,0,0,0,1,0,0,0,0,0,0,0,0,'A Benoit\r\nJ\'ai aussi ma version',0,1,0,0,0),
	(102,0,0,0,1,1,0,0,0,0,1,0,1,1,1,2003,2,1,0,'2 exemplaires pour l\'avoir au format DVD exposable',0,1,1,0,0),
	(103,0,0,1,1,0,0,0,0,0,1,1,1,1,1,2006,1,0,0,'3 copies dont une sur une compil + ma version sp√©ciale sur disque dur.\r\n\r\nTop jeu: \r\n- En multi (Navacello Calcio)\r\n- En solo :\r\n-- I) Equipe de France : De la CDM 90 √† la CDM 2006\r\n-- II) Equipe de France : League avec mon √©quipe All Stars (promotion-relegation, voir plus bas dans es notes)\r\n-- III) En Club : coupes d\'Europe.\r\n\r\n================================\r\nEquipe de France : De la CDM 90 √† la CDM 2006\r\nUtiliser les effectis r√©els.\r\nCDM 90\r\n\r\nPremi√®res non qualifi√©es, il ne doit en rester que 8 pour faire 24 + 8 = 32 en phase finale du tournoi:\r\n\r\nEn tirer au sort 12 pour faire une s√©rie de match aller retour, les deux autres sont qualifi√©es (note : faire une coupe √† √©lim directe avec tous le monde dedans +2 pour faire le nombre).\r\n\r\nDanemark\r\nPologne\r\nTurquie\r\nFinlande\r\nFrance\r\nHongrie\r\nPortugal\r\nBolivie\r\nParaguay\r\nChili\r\nTrinidad et Tobago\r\nMaroc (remplace Zambie)\r\nTunisie (remplace Egypte)\r\nChine ou Saudi Arabia (Remplace EAU)\r\n\r\nTirage :\r\nMaroc - France\r\nBolivie - Portugal\r\nTrinidad et Tobago - Finlande\r\nTunisie - Paraguay\r\nHongrie - Danemark\r\nPologne - Turquie\r\n\r\nChine et Chili d?office.\r\n\r\nPour la phase finale: aussi dispos car non qualifi√©es (remplacer par continent):\r\n\r\nNigeria\r\nC√¥te d?Ivoire\r\nIran \r\nJapon\r\n\r\nNote: pour la phase finale respecter le tirage historique et tirer ceux ?rajout√©s? ensemble dans les deux derniers groupes.\r\n\r\nCDM 94 Idem que 90. Liste des √©quipes :\r\n\r\nPortugal\r\nAngleterre\r\nDanemark\r\nHungary (remplace Islande)\r\nR.Tch√®que\r\nFrance\r\nJapon\r\nC√¥te d?Ivoire\r\nTunisie remplace Zambie\r\nGhana remplace Zimbabwe\r\nCosta Rica remplace Canada\r\nParaguay\r\nUruguay\r\nAustralie\r\n\r\n==========================\r\nIII) En Club : coupes d\'Europe\r\n\r\nPr√©ambule : il existe deux coupes d\'Europe :\r\n- Champions League (Champions, LDC...)\r\n- UEFA Cup\r\n\r\nNOTE : j\'ai un script PHP pour faire le tirage au sort avec tous les crit√®res. Il faut parfois le refaire (random numbers) pour les phases de groupes, mais le tirage initial est fait par ce script.\r\n\r\nL\'UEFA Cup a toujours le m√™me format : d√©part en 16√®me de finale, que des matches en aller/retour.\r\n\r\nLa Champions a quatre variantes :\r\n\r\nNote pour les phases de groupes. Pour le notre on fait une mini ligue de 4 √©quipes. Pour les autre, on fait une phase simple avec match en 5 minutes (que je mets en mode ordi contre ordi).\r\n\r\n1) Avec les autres √©quipes : 1er tour (32√®me de finale) puis 2√®me tour (16√®me de finale), en match aller/retour. Puis phase de groupe (deux groupes) en match aller/retour, puis finale avec le premier de chaque groupe\r\n2) 1er tour (16√®me de finale) en match aller/retour. Puis phase de groupe (4 groupes) en match aller/retour. Puis quart de finales.\r\n3) 32 √©quipes, deux phases de poules en match aller/retour, Puis quart de finales\r\n4) Phase de groupes (8 groupes), puis 1/8.\r\n\r\nLe Coach : Ing√©nieur IT, footballer amateur dans sa petite ville, en DH, jusqu\'√† la mont√©e en CFA2 (pouss√© dehors), √† 25 ans (en avril).\r\nDevient entra√Æneur adjoint d√®s les premi√®re saison.\r\nVoici son bilan :\r\nSaison 1 (CFA2), entra√Æneur adjoint, maintient, 26 ans.\r\nSaison 2 (CFA2), entra√Æneur adjoint, promotion en CFA, 27 ans.\r\nSaison 3 (CFA). Commence entra√Æneur adjoint. Gros investissements du club. Mauvais r√©sultats, devient entra√Æneur principal par int√©rim jusqu\'√† la fin de la saison. Maintien. 28 ans.\r\nSaison 4 (CFA): par √©conomie et devant les bons r√©sultats de la seconde partie de saison pr√©c√©dente, reste coach principal. Promotion en National.\r\nSaison 5 (National) : doit se battre et avoir le soutien des joueurs pour rester coach principal. Y arrive. Promotion en Ligue 2. 29 ans.\r\nSaison 6 (RC Lens, Ligue 2) : cette fois-ci, accepte de redevenir coach adjoint. D√©bauch√© par le RC Lens pour le m√™me poste, en L2. Mauvais r√©sultats, devient coach principal pour quelques jours. Encha√Æne les bons r√©sultats, le nouveau coach tarde √† venir : soutient des joueurs, reste coach principal jusqu\'√† la fin de saison, obtient la mont√©e en L1 lors de la derni√®re journ√©e. En fin de saison, redevient entra√Æneur adjoint. 30 ans.\r\nSaison 7 (AJA, Ligue 1) Embauch√© par Auxerre pour le m√™me poste. Le club fini 5√®me. 31 ans.\r\nSaison 8 (AJA, Ligue 1) M√™me poste. Le club fini 5√®me + finaliste de la CDF. Elimination en 16√®me de l\'UEFA. 32 ans.\r\nEn fin de saison, devient coach principal.\r\n\r\nOn commence √† jouer ici.\r\nContexte : Quand je joue avec des clubs fran√ßais, je joue avec leur effectif r√©elle de la saison cible, le changeant chaque ann√©e. Pour les autres clubs que je g√®re ensuite, on ne joue qu\'avec les √©quipes All Stars. Les transferts sont autoris√©s si des joueurs se retrouvent dans la all stars que je g√®re. Les clubs fran√ßais adverses sont toujours avec leur effectif natif du jeu, sauf le PSG qui est en all stars QSI 2011-2021.\r\n\r\nVoici mes r√©sultats :\r\n\r\nAuxerre (94-98)\r\nSaison 9: Auxerre : joue l\'UEFA. Fini 2√®me. 33 ans. ---> Quart de C3 (√©limin√© par Chelsea) (d√©faite 1-2 √† domicile puis 0-0 au retour)\r\nSaison 10 : 16√®me de C3 (√©limin√© par Liverpool, la veille de mon arriv√©e Chez Mindgeek)\r\nSaison 11 : 1/2 de C1 (√©limin√© par le Real Madrid d√©fait ext 2-0 puis vict dom 1-0)\r\nSaison 12 : 1/4 de C3 (√©limin√© par l\'AS Rome. D√©fait ext 3-2 puis 1-1 √† dom)\r\n\r\nNantes (94-96)\r\nSaison 13 : 1/2 de C3 (√©limin√© par Arsenal 1-1 √† l\'ext puis 2-3 √† dom)\r\nSaison 14 : 1/2 de C1 (√©limin√© par le Real Madrid 0-3 √† dom puis 1-1 ext)\r\n\r\nMarseille (90-94)\r\nSaison 15 : 1/2 de C1 (√©limin√© par Man.U. Victoire 1-2 √† l\'ext puis d√©faite dom 0-2)\r\nSaison 16 : 1/2 de C1 (√©limin√© par AC Milan 0-0 ext puis 1-1 dom)\r\nSaison 17 : 1/2 de C1 (2√®me du groupe derri√®re le Bayern Munich)\r\nSaison 18 : 1/2 de C1 (√©limin√© par le Real Madrid. Victoire ext 0-1 puis d√©fait √† dom 1-2)\r\n\r\nBordeaux (94-96)\r\nSaison 19 : 1/16 de C3 (√©limin√© par Arsenal). D√©fait ext 1-0 puis 2-2 domicile\r\nSaison 20 : Finale de C3 (battu par Chelsea 0-4)\r\n\r\nParis SG (92-98)\r\nSaison 21 : vainqueur de la C3 (face √† Everton, 3-1)\r\nSaison 22 : vainqueur de la C3 (face √† l\'Atletico Madrid, 1-0)\r\nSaison 23 : vainqueur de la C1, formule √† une phase de poules (face √† Chelsea, 2-1)\r\nSaison 24 : √©limin√© en phase de poule de la C1, derri√®re R.Madrid et Arsenal, 8 pts, eux 10)\r\nSaison 25 : finaliste de la C3 (battu par Arsenal 1-0)\r\nSaison 26 : √©limin√© en phase de poule de la C1, derri√®re Man U et Arsenal, moi 7 pts, Arsenal 9)\r\n\r\nAjax 90\'s\r\nSaison 27 : √©limin√© en quart de la C3 par Chelsea, deux d√©faites 2-1, aller chez moi\r\nSaison 28 : vainqueur de la C1, formule √† deux phases de groupe, face au Barca, 2-1\r\n\r\nR√©partition des √©quipes : voir mon script PHP de tirage au sort\r\nNote quand tirage au sort phase de groupe dans la foul√©e d\'une phase √† √©limination directe ou d\'une autre phase de groupe (concerne trois des quatre formules de la ligue des champions), on fait un shuffle du tableau et dans l\'ordre du r√©sultat on les affecte un par un √† un groupe apr√®s l\'autre.\r\n\r\n---- Championnat (leagues) par √©quipe nationale :\r\n\r\n- D1\r\n\r\nAngleterre\r\nPortugal\r\nItalie\r\nEspagne\r\nAllemagne\r\nBelgique\r\nPays-Bas\r\nBr√©sil\r\nArgentine\r\nUruguay\r\n\r\n- D2\r\n\r\nCroatie\r\nBulgarie\r\nNorv√®ge\r\nSuede\r\nSuisse\r\nTurquie\r\nR.Tcheque\r\nCote d\'ivoire\r\nMexique\r\nChili\r\n\r\n- D3\r\n\r\nGr√®ce\r\nDanemark\r\nPologne\r\nUsa\r\nAustralie\r\nRussie\r\nIrlande\r\nSerbie\r\nPays de Galles\r\nCameroun\r\n\r\n- D4\r\n\r\nEquateur\r\nColombie\r\nParaguay\r\nPerou\r\nJapon\r\nRoumanie\r\nEcosse\r\nSlovenie\r\nUkraine\r\nCor√©e du Sud\r\n\r\n- D5\r\n\r\nFinlande\r\nHongrie\r\nMaroc\r\nGhana\r\nNigeria\r\nTunisie\r\nCosta Rica\r\nTogo\r\nSlovaquie\r\n\r\n-D6\r\n\r\nFrance\r\nArabie Saoudite\r\nIran\r\nTrinite et Tobago\r\nLettonie\r\nIrlande Du Nord\r\nSouth Africa\r\nAutriche',0,1,0,0,0),
	(104,0,0,0,0,0,0,0,0,0,1,1,1,0,0,0,0,0,0,'Dont une copie sur une compil',0,0,0,0,0),
	(105,0,0,1,1,0,0,0,0,0,0,1,0,1,1,2004,1,1,0,'Map M√©diterran√©e ou Malaisie',0,0,0,0,0),
	(106,0,0,0,1,0,0,0,0,0,1,0,1,0,1,1999,8,0,1,'Rachet√© pour avoir une boite au format DVD exposable\r\nJ\'ai maintenant la version bigbox aussi.',0,1,0,0,0),
	(107,0,0,0,1,0,0,0,0,0,1,0,1,0,0,0,0,0,0,'Rachet√© pour avoir une boite au format DVD exposable\r\nFini pour la premi√®re fois en novembre 2021...\r\nPuis achet√© la version big box pour la collection.',0,1,0,0,0),
	(108,0,0,0,0,0,0,0,0,0,1,0,0,0,0,0,0,0,0,'',0,1,0,0,0),
	(109,0,0,0,0,0,0,0,0,0,1,0,0,0,0,0,0,0,0,'',0,0,0,0,0),
	(110,0,0,0,0,0,0,0,0,0,0,1,0,0,0,0,0,0,0,'Sur une compil',0,0,0,0,0),
	(111,0,0,0,0,0,0,0,0,0,0,1,0,0,0,NULL,NULL,0,0,'',0,0,0,0,0),
	(112,0,0,0,0,0,0,0,0,0,0,1,0,0,0,0,0,0,0,'',0,0,0,0,0),
	(113,0,0,0,0,0,0,0,0,0,0,1,0,0,1,1999,3,1,0,'',0,0,0,0,0),
	(114,0,0,0,0,1,0,0,0,0,1,1,0,0,1,1998,10,0,0,'Pr√™t√© par Alexandre RUI quelques jours.\r\nPuis par les Domergue quelques semaines.',0,1,0,0,6),
	(115,0,0,0,0,0,0,0,0,0,1,0,0,0,0,0,0,0,0,'',0,1,0,0,0),
	(116,0,0,0,0,0,0,0,0,0,0,1,0,0,0,0,0,0,0,'',0,0,0,0,0),
	(117,1,0,0,0,0,0,0,0,0,1,1,1,0,0,0,0,1,0,'2 exemplaires + 1 copie sur une compil\r\nLa boite en carton et le manuel sont en italien',0,1,0,0,0),
	(118,0,0,1,0,0,0,0,0,0,1,1,1,1,1,2001,2,1,0,'Deux exemplaires + 1 copie. L\'original est ray√©. La copie est sur une compil.\r\nJ\'y ai jou√© a premi√®re fois chez Yann √† l\'√©t√© 1999.\r\nEnsuite j\'ai eu le 2 par David fin 2000, mais m\'int√©ressait moins √† cause du sc√©nario pacifique.\r\nFinalement, c\'est √† l\'√©t√© 2001 que je l\'ai achet√© spontan√©ment avec David. De l√† j\'ai pass√© mon √©t√© dessus.',0,1,0,0,0),
	(119,0,0,0,0,0,0,0,0,0,1,0,1,0,0,0,0,0,0,'2 exemplaires',0,1,0,0,0),
	(120,0,0,0,0,0,0,0,0,0,0,1,1,0,0,0,0,0,0,'2 copies',0,0,0,0,0),
	(121,0,0,0,0,0,0,0,0,0,0,1,0,0,0,0,0,0,0,'',0,0,0,0,0),
	(122,0,0,0,0,0,0,0,0,1,0,1,1,1,1,1997,1,0,0,'2 exemplaires dont une copie',0,1,1,0,0),
	(123,0,0,0,0,0,0,0,0,0,0,1,0,0,0,0,0,0,0,'Sur une compil',0,0,0,0,0),
	(124,0,0,0,0,0,0,0,0,0,0,1,0,0,0,0,0,0,0,'Sur une compil',0,0,0,0,0),
	(125,0,0,0,0,0,0,0,0,0,1,0,0,0,0,0,0,0,0,'',0,0,0,0,0),
	(126,0,0,0,0,0,0,0,0,0,0,1,0,0,0,0,0,0,0,'Sur une compil',0,0,0,0,0),
	(127,0,0,0,0,0,0,0,0,0,0,0,0,0,0,0,0,0,0,'',0,0,0,0,0),
	(128,0,0,0,0,0,0,0,0,0,1,1,1,0,1,1999,1,1,0,'',0,1,1,0,0),
	(129,0,0,0,0,0,0,0,0,0,0,1,0,0,0,0,0,0,0,'Sur une compil',0,0,0,0,0),
	(130,0,0,0,0,0,0,1,0,0,1,0,0,0,0,0,0,0,0,'',0,1,0,0,0),
	(131,0,0,0,0,0,0,0,0,0,1,0,0,1,1,2001,1,1,0,'En r√©alit√© j\'ai vu une d√©mo anglaise tourner en 1997, mais je ne savais pas de quoi il s\'agissait.',0,1,1,0,0),
	(132,0,0,0,0,0,0,0,0,0,1,0,0,0,0,0,0,0,0,'Achet√© √† Lyon en vacances en 1999. Fini a l\'√©poque avec la soluce.',0,1,0,0,0),
	(133,0,0,0,0,0,0,0,0,0,1,0,0,0,0,0,0,0,0,'',0,0,0,0,0),
	(134,0,0,0,1,0,0,0,0,0,0,1,1,1,1,2001,8,1,0,'Deux copies dont une sur une compil',0,0,0,0,0),
	(135,0,0,0,0,0,0,0,0,0,0,1,0,0,0,0,0,0,0,'',0,1,0,0,0),
	(136,0,0,0,0,0,0,0,0,0,0,1,0,1,1,2001,6,0,0,'',0,1,0,0,0),
	(137,0,0,0,0,0,0,0,0,0,0,1,0,0,0,0,0,0,0,'Sur une compil',0,0,0,0,0),
	(138,0,0,0,0,0,0,0,0,0,1,1,0,0,0,0,0,0,0,'Sur une compil',0,0,0,0,0),
	(139,0,0,0,0,0,0,0,0,0,0,1,0,0,0,NULL,NULL,0,0,'Sur une compil',0,0,0,0,0),
	(140,1,0,0,0,0,0,0,0,0,0,1,0,0,0,0,0,1,0,'Sur une compil',0,0,0,0,0),
	(141,0,0,0,0,0,0,0,0,0,0,1,0,0,0,0,0,0,0,'Sur une compil',0,0,0,0,0),
	(142,0,0,0,0,0,0,0,0,0,0,1,0,0,0,0,0,0,0,'Sur une compil',0,0,0,0,0),
	(143,0,0,0,0,0,0,0,0,0,0,1,0,0,0,0,0,0,0,'Sur une compil',0,0,0,0,0),
	(144,0,0,0,0,0,0,0,0,0,0,1,0,0,0,0,0,0,0,'Sur une compil',1,0,0,0,0),
	(145,0,0,0,0,0,0,0,0,0,0,1,0,0,0,0,0,0,0,'Sur une compil',0,0,0,0,0),
	(146,0,0,0,0,0,0,0,0,0,1,1,1,0,1,2001,5,0,0,'Deux versions dont une copie sur une compil.\r\nL\'ai fait en entier une premi√®re fois en 2001 pendant l\'√©t√©. J\'alternais √ßa et CFS1.',0,0,0,0,0),
	(147,0,0,0,0,0,0,0,0,0,0,1,0,0,0,0,0,0,0,'Sur une compil',0,0,0,0,0),
	(148,0,0,1,0,0,0,0,0,0,0,1,0,1,1,1998,3,1,0,'Connu par Yann. Pas besoin de CD pour jouer. Pass√© mon √©t√© (avec Football Manager 97) dessus dans ma chambre.\r\nSur une compil. Privil√©gier la version Open TTD de luxe en ligne\r\nTop jeu: \r\nMap M√©diterran√©e ou random\r\n',0,0,1,0,0),
	(149,0,0,0,0,1,0,0,0,0,1,0,0,0,0,0,0,0,0,'A Benoit\r\nJ\'ai aussi ma version',0,1,0,0,0),
	(150,0,0,0,0,1,0,0,1,0,1,0,0,0,0,0,0,0,0,'',0,0,0,0,0),
	(151,0,0,0,0,0,1,0,0,0,0,1,0,1,1,2005,3,0,0,'',0,0,0,0,0),
	(152,0,0,0,0,0,1,0,0,0,0,1,0,0,0,0,0,0,0,'',0,0,0,0,0),
	(153,0,0,1,1,0,1,0,0,0,0,1,0,0,0,0,0,1,0,'',0,0,0,0,0),
	(154,0,0,0,0,0,0,0,0,0,1,0,0,0,1,2004,4,0,0,'',0,0,0,0,0),
	(155,0,0,0,0,0,0,0,0,0,1,0,0,0,0,0,0,0,0,'',0,1,0,0,0),
	(156,0,0,0,0,0,0,0,0,0,1,0,0,0,0,0,0,0,0,'',0,0,0,0,0),
	(157,0,0,0,0,0,0,0,0,0,1,0,0,0,0,0,0,0,0,'',0,1,0,0,0),
	(158,0,0,0,0,0,0,0,0,0,0,1,0,0,0,0,0,0,0,'',0,0,0,0,0),
	(159,1,0,0,0,0,0,0,0,0,1,0,0,0,1,2002,6,1,0,'',0,1,0,0,0),
	(160,0,0,0,0,0,0,0,1,0,1,1,1,0,0,0,0,0,0,'Deux versions dont une copie',0,0,0,0,0),
	(161,0,0,0,0,0,0,0,0,0,1,0,0,0,1,1998,2,1,0,'Offert en Sierra Classic par Tatie Zab noel 1997. Jou√© √† partir de d√©but 98 car probl√®mes de PC.',0,0,0,0,0),
	(162,0,0,0,0,0,0,0,0,0,1,0,0,0,0,0,0,0,0,'Pas vraiment un jeu',0,0,0,0,0),
	(163,0,0,0,0,1,0,0,0,0,1,0,0,0,0,0,0,0,0,'',1,1,0,0,2),
	(164,0,0,0,0,0,0,0,0,0,1,1,0,1,1,2000,1,0,0,'J\'ai fait une copie ISO',1,1,0,0,0),
	(165,0,0,0,0,0,0,0,0,0,1,0,0,0,1,1996,2,0,0,'Documentaire',0,1,0,0,0),
	(166,0,0,0,0,0,0,0,0,0,1,0,0,0,0,0,0,0,0,'D√©couvert sur Dreamcast avec Benoit. J\'y ai aussi jou√© sur Play2. Ma version est la version PC, en cadeau dans... une boite de c√©r√©ales.',0,0,0,0,0),
	(167,0,0,0,0,0,0,0,0,0,1,0,0,0,0,0,0,0,0,'Jouer en ligne plut√¥t (FFB)',0,1,0,0,0),
	(168,0,0,0,0,0,0,0,0,0,1,0,0,0,0,0,0,0,0,'',0,1,0,0,0),
	(169,0,0,0,0,1,0,0,0,0,1,0,0,0,1,2001,7,0,0,'Vu en 1997 dans un magazine Gen4.\r\nAchet√© en 2001\r\nTop jeu: en utilisant le cheat engine',1,1,0,0,13),
	(170,0,0,1,0,0,0,0,0,0,1,1,1,0,1,2002,1,0,0,'Cd ray√©. Copie sur une compil. Mod + Exploration\r\n\r\nActiver invincible.\r\n\r\nVoir ma liste de mods dans me sauvegardes, DD.\r\n- Buy a house\r\n- Avion\r\n- Mariage & nude mode\r\n- Texture HD body\r\n- Activit√© dans les villes\r\n\r\nMissions : \r\n1) Explorer le tour de la carte, les zones planes, √©viter les montagnes\r\n2) Voir √† quoi correspondent les croix sur la carte du jeu.',0,1,1,0,0),
	(171,0,0,0,0,0,0,0,0,0,1,0,0,0,1,2010,1,0,0,'',0,1,0,0,0),
	(172,0,0,0,0,0,0,0,0,0,1,0,0,0,0,0,0,0,0,'',0,0,0,0,0),
	(173,0,0,0,0,0,0,0,0,0,1,0,0,0,0,0,0,0,0,'Sur Steam',0,0,0,0,0),
	(174,0,0,0,0,0,0,0,0,0,0,1,0,0,0,0,0,0,0,'',0,0,0,0,0),
	(175,0,0,0,0,1,1,0,0,0,0,1,0,0,0,0,0,0,0,'',0,1,0,0,0),
	(176,0,0,0,1,0,0,0,0,0,1,1,1,0,1,2002,3,1,0,'Deux version dont une copie',0,1,0,0,0),
	(177,0,0,0,0,0,0,0,0,0,1,0,0,0,1,1999,7,0,0,'',1,1,0,0,0),
	(178,0,0,0,0,0,1,0,0,0,0,1,0,0,0,0,0,0,0,'',0,0,0,0,0),
	(179,0,0,0,0,0,0,1,0,0,1,0,0,0,0,0,0,0,0,'',0,1,0,0,0),
	(180,0,0,1,1,0,0,0,0,0,1,0,0,1,1,2005,1,1,0,'- Tenir une liste des sauvegardes, comme √ßa si reprise plus tard je sais o√π j\'en √©tais.\r\n\r\nCHOSES A FAIRES :\r\n- D√©placer Normandie dans le port de New York\r\n- Travers√©e de QE1\r\n- Queen Mary dans le port de New York\r\n- Ameliorer la carte :\r\n-- activite flotte fr avant l\'armistice, en mediterannee notamment.\r\n-- Activite pacifique : \r\nSi port Japonais ?\r\n\r\neaux australiennes\r\ndetroit de bering\r\nconvois et patrouilles sand-diego pearl harbor\r\npatrouilles devant peealr harbor\r\n\r\nPLAN CARRIERE :\r\n\r\nn√© en 1914\r\ncapitaine type II d√©but 39 (patrouilles c√¥tieres)\r\ncapitaine type VII √† l\'instant\r\n\r\nsept 39 √† juin 40\r\n- Labrador et Halifax, eaux Canadiennes, Normandie New York\r\n- Eaux anglaises (liner)\r\n- Scapa flow\r\n\r\njuillet 40 - juin 41 :\r\n-mediterann√©e, Afrique du Nord (Egypte) et Gr√®ce\r\n\r\njuin 41 - d√©cembre 41 : Russie (grand nord aussi)\r\n\r\njanvier 42 - juin 42 c√¥te EST USA\r\njuillet 42 - mai 43 : pacifique, Australie\r\n\r\njuillet-43 - mai 44\r\nMedit. again, flotte italienne\r\n\r\njuin 44 - fin guerre\r\nAtlantique',0,1,1,0,0),
	(181,0,0,0,0,0,0,0,0,0,1,0,0,0,1,2005,2,1,0,'',0,1,0,0,0),
	(182,0,0,0,0,0,0,0,0,0,1,0,0,1,1,2004,2,0,0,'',0,1,0,0,0),
	(183,0,0,0,0,0,0,0,0,0,1,0,0,0,0,0,0,0,0,'Eu avec le Packard Bell en 1996',0,0,0,0,0),
	(184,0,0,0,0,0,0,0,0,0,1,0,0,0,0,0,0,0,0,'',0,0,0,0,0),
	(185,0,0,0,0,0,0,0,0,0,0,1,0,0,0,0,0,0,0,'',0,0,0,0,0),
	(186,1,0,0,0,0,0,0,0,0,0,1,0,0,0,0,0,0,0,'Copie + ISO',0,0,0,0,0),
	(187,0,0,0,0,0,0,0,0,0,1,0,0,0,0,0,0,0,0,'',0,0,0,0,0),
	(188,0,0,0,0,0,0,0,0,0,1,0,0,0,0,0,0,0,0,'',0,0,0,0,0),
	(189,0,0,0,0,0,0,0,0,0,1,1,0,1,1,1998,5,1,0,'Sur une compil.\r\nJ\'ai l\'original depuis.\r\nPremi√®re fois, essay√© d√©mo.\r\nPuis Yann l\'a achet√© mais marchait pas sur mon PC car j\'avais que 8Mo de RAM et il en fallait le double.',0,1,0,0,0),
	(190,0,0,0,0,0,0,0,0,0,0,1,0,0,1,2012,1,0,0,'Sur une compil. Test√© d√©mo sur PS1 en 2002. Puis test√© version PC en 2008. Puis commenc√© en 2012. Finalement, regard√© en 2019 √† Montr√©al.',0,0,0,0,0),
	(191,0,0,0,0,0,0,0,0,0,0,1,0,0,1,2022,2,0,0,'Sur une compil',0,0,0,0,0),
	(192,1,0,0,0,0,0,0,0,0,0,1,0,0,0,0,0,0,0,'Sur une compil',0,0,0,0,0),
	(193,0,1,0,0,0,0,0,0,0,0,1,0,0,0,0,0,1,0,'Sur une compil. Benoit a l\'original.',0,1,0,0,0),
	(194,0,0,1,0,0,0,0,0,0,0,1,1,1,1,1998,4,1,0,'Deux exemplaires dont une copie sur une compil',0,1,0,0,0),
	(195,0,0,0,0,0,0,0,0,0,1,0,0,0,1,1998,8,0,0,'CD Ray√©. T√©l√©charger ISO\r\nObtenu avec un magazine en 97-98. Fini en 2005-2006',1,0,0,0,0),
	(196,1,0,0,0,0,0,0,0,0,1,0,0,1,1,2003,1,1,0,'',0,1,0,0,0),
	(197,0,0,1,0,0,0,0,0,0,1,1,0,1,0,0,0,1,0,'Top jeu: Mes sc√©narios et campagnes',0,1,0,0,0),
	(198,0,0,0,0,0,0,0,0,0,0,1,0,0,0,0,0,0,0,'ISO sur compil.',0,0,0,0,0),
	(199,0,0,0,0,0,0,0,0,0,1,1,1,0,0,0,0,0,0,'Sur une compil. J\'ai aussi achet√© l\'original.',0,1,0,0,0),
	(200,0,0,0,0,0,0,0,0,0,0,1,0,0,0,0,0,0,0,'',0,1,0,0,0),
	(201,0,0,0,0,0,0,0,0,0,1,0,0,0,1,2022,1,0,0,'Claire a eu une version Sierra classic pour Noel 1997. Elle y a tr√®s peu jou√©, √† peine.\r\nJ\'ai commenc√© √† y jouer 1h fin 2010. Pas plus.\r\nRepris s√©rieusement en d√©cembre 2021. Fini en janvier.',0,0,1,0,0),
	(202,0,0,0,0,1,0,0,0,0,1,0,0,0,1,2007,1,0,0,'Utiliser crack car cd ray√©',0,1,0,0,0),
	(203,0,0,0,0,0,0,0,0,0,1,0,0,0,0,0,0,0,0,'',0,1,0,0,0),
	(204,0,0,0,0,0,0,0,0,0,1,0,0,0,0,0,0,0,0,'Moins de plaisir en comparaison au premier.',0,1,0,0,0),
	(205,0,0,0,0,0,0,0,0,0,1,1,0,0,1,2009,1,0,0,'Sur CD Trine 2',0,1,0,0,0),
	(206,1,1,0,0,0,0,0,0,0,1,0,0,0,1,2000,4,1,0,'',0,1,0,0,0),
	(207,0,0,0,0,1,0,0,0,0,1,0,0,0,0,0,0,0,0,'A Benoit\r\nJ\'ai aussi ma version avec boite',0,1,0,0,99),
	(208,0,0,1,0,0,0,0,0,0,0,1,1,1,0,0,0,1,0,'Achet√© fin 1999 en classic.\r\nStock√©s sur disque dur. Poss√®de aussi la version 97/98.\r\nSi beaucoup jou√©, pas dans mon Hall of Fame car tr√®s proche de la version 97.\r\n\r\nIMPORTANT: Se cr√©er un fichier dans le m√™me dossier que le raccourci du jeu, avec r√®gles: \r\nenjoy, doucement, d√©tails autres √©quipes, r√©sultats autres √©quipes...\r\nReprendre l\'esprit de USM97\r\n\r\n\r\n===================================\r\nSCENARS\r\n===================================\r\n\r\n\r\n5 scenarios (ou type de scenario) :\r\n\r\n1- Prendre N√Æmes + 1 autre petit club (Toulon) : Gestion, rigueur, r√©alisme.\r\n2- Prendre 3 moyens club vers l\'Europe (Montpellier, Nantes et Rennes)\r\n3- 3 gros clubs: PSG, M.City et Naples\r\n4- PSG Realiste avec les effectifs r√©els de 98 √† 200...\r\n5- Lyon (sans triche budgetaire), mod√®le r√©el, construction progressive, challenge.\r\n\r\n================\r\nDetails SCENAR #1\r\n================\r\nPrendre N√Æmes en premier. Triche uniquement la premi√®re saison (NE PAS doper les aptitudes √† l\'entra√Ænement)\r\nN√Æmes: little modifs juste la premi√®re ann√©e (2√®me ann√©e: vendre les dop√©s (Ecker, Pagis) ainsi que les autres (leur remettre leur vieille stats)\r\nToulon: for fun que des vieux. Faire les deux premieres saison. S\'assurer que tout le monde est retrait√© en fin de saison #1. Sinon remettre vieille stats.\r\n\r\n================\r\nDetails SCENAR #2\r\n================\r\nNE PAS doper les aptitudes √† l\'entra√Ænement.\r\n\r\nL1: MHSC\r\nL1: Nantes (reconstruire progressivement Nantes 95 en deux/trois saisons + les Carotti etc)\r\nL1: Rennes: Europe = Lama, Dogon, Paisley, Gava, A.Ciss√©...\r\n\r\n================\r\nDetails SCENAR #3\r\n================\r\nDoper les aptitudes √† l\'entra√Ænement pour tous sauf Lyon. Si rencontres entres elles : remettre les \"Normales\" juste le temps du match et d√©sactiver les tactiques sp√©ciales.\r\n\r\nNaples: jeunes stars de L\'OL sur le mod√®le de City pour le PSG, mais sans fonds illimit√©s\r\n\r\n================\r\nDetails SCENAR #4\r\n================\r\nNE PAS doper les aptitudes √† l\'entra√Ænement\r\nNE PAS utiliser de tactiques sp√©ciales. Gestion serious.',0,0,0,0,0),
	(209,0,0,1,0,0,0,0,0,0,0,1,0,1,1,1997,3,1,0,'Sur disque dur.\r\nTop jeu: carte s√©rieuse\r\nD√©couvert avec David sur son Mac.\r\nPuis Claire l\'a eu avec son HP\r\nEnfin Benoit Fernandez me l\'avait pass√© mais ne marchait pas.\r\nEnfin Benoit J me l\'a pass√© version DOS fin 1999\r\nMais il faut jouer √† la version Windows !',0,0,0,0,0),
	(210,0,0,0,0,0,0,0,0,0,0,0,0,1,1,2020,2,0,0,'Le plus beau jeu de la N64.',0,0,0,0,0),
	(211,0,0,0,0,1,0,0,1,0,1,0,0,0,0,0,0,0,0,'',0,1,0,0,12),
	(212,0,0,0,0,0,0,1,0,0,0,0,0,0,0,0,0,0,0,'http://www.jeuxvideo.com/articles/0000/00007057_test.htm            ',0,0,0,0,0),
	(213,0,0,0,0,0,0,1,0,0,0,0,0,0,0,0,0,0,0,'http://www.jeuxvideo.com/articles/0001/00011889-runaway-a-twist-of-fate-test.htm',0,0,0,0,0),
	(214,0,0,0,0,0,1,0,0,0,0,0,0,0,0,0,0,0,0,'https://www.amazon.fr/Syberia-%C3%A9dition-Day-One/dp/B01H0YJ9FK?SubscriptionId=AKIAJS7NMDLEEDDDRG7Q&tag=gamekult_software-21&linkCode=xm2&camp=2025&creative=165953&creativeASIN=B01H0YJ9FK&th=1',0,0,0,0,0),
	(215,0,0,0,0,0,0,0,0,0,0,1,0,0,0,NULL,NULL,0,0,'Iso sur DD',0,0,0,0,0),
	(216,0,0,0,0,0,0,0,0,0,0,1,0,0,0,2005,4,0,0,'ISO sur DD',0,0,0,0,0),
	(217,1,0,0,0,0,0,0,0,0,0,1,0,0,0,0,0,0,0,'ISO sur DD',0,0,0,0,0),
	(218,0,0,0,0,0,0,0,0,0,0,1,0,0,1,2000,2,1,0,'ISO sur DD',0,1,0,0,0),
	(219,0,1,0,0,0,0,0,0,0,0,1,0,0,0,0,0,0,0,'ISO sur DD',0,0,0,0,0),
	(220,0,1,0,0,0,0,0,0,0,0,1,0,0,0,0,0,0,0,'Sur DD',0,0,0,0,0),
	(221,0,0,0,0,0,0,0,1,0,0,1,0,0,0,0,0,0,0,'Sur DD',0,0,0,0,0),
	(222,0,0,0,0,0,0,0,0,0,0,1,0,0,0,0,0,0,0,'Sur DD',0,0,0,0,0),
	(223,0,0,0,0,1,0,0,0,0,0,1,0,0,0,0,0,0,0,'Sur DD',1,1,0,0,0),
	(224,0,0,0,0,1,0,0,0,0,1,0,0,0,0,0,0,0,0,'',1,1,0,0,1),
	(225,0,0,0,0,0,0,0,0,0,0,0,0,0,0,0,0,0,0,'',0,0,0,0,0),
	(226,0,0,0,0,0,0,0,1,0,0,0,0,0,0,0,0,0,0,'',0,0,0,0,0),
	(227,0,0,0,0,0,0,0,0,0,0,0,0,0,0,0,0,0,0,'',0,0,0,0,0),
	(228,0,0,0,0,0,0,0,1,0,0,0,0,0,0,0,0,0,0,'',0,0,0,0,0),
	(229,0,0,0,0,0,0,0,0,0,0,0,0,0,1,2004,3,0,0,'DL',0,0,0,0,0),
	(230,0,0,0,0,0,0,0,0,0,0,0,0,0,0,0,0,0,0,'Sc√©anrio au d√©part Sympa. D√©cors style Syberia. Mais aucun charme, voix anglais nullissimes.',0,0,0,0,0),
	(231,0,0,0,0,0,0,0,0,1,0,0,0,0,1,2018,1,0,0,'',0,0,1,0,0),
	(232,0,0,0,0,0,1,0,0,0,0,0,0,1,1,1993,1,1,0,'Acheter avec boite carton sinon aucun int√©r√™t',0,0,0,0,0),
	(233,0,0,0,0,0,0,0,0,0,1,0,0,0,0,0,0,0,0,'',0,1,0,0,0),
	(234,0,0,0,0,1,0,0,0,0,1,1,0,0,1,2002,5,0,0,'',0,1,0,0,9),
	(235,0,0,0,0,0,0,0,0,0,0,0,0,0,0,0,0,0,0,'',0,0,0,0,0),
	(236,0,0,0,0,0,0,0,0,0,0,0,0,0,0,0,0,0,0,'',0,0,0,0,0),
	(237,0,0,1,0,0,0,0,0,0,1,1,0,1,1,2002,5,1,0,'Install√© pour la premi√®re fois fin 2000 (eu par David, mais pas int√©ress√© car marchait mal, PC trop lent, et surtout la campagne du Pacifique ne m\'emballait pas).\r\nPar contre je l\'ai ressorti au printemps 2002 en y important les avions du 1 trouv√©s sur Internet, et ait pass√© mon √©t√© dessus.\r\n\r\nMissions:\r\n\r\nLyon - Paris\r\nParis N√Æmes\r\nN√Æmes Alger\r\nAlger B√¥ne\r\nB√¥ne Tarente Aller/Retour (Bombardement)\r\nOran -> Istanbul\r\nMission dans les Andes\r\nKourou - Fort de France\r\nFort de France New-York\r\nNew-York Montreal\r\nMontreal - Saint Pierre\r\nMission de recherche la nuit (Genre comme dans Warbirds)',0,1,0,0,0),
	(238,0,0,0,0,0,0,0,0,0,0,0,0,0,0,0,0,0,0,NULL,0,0,0,0,0),
	(239,0,0,0,0,0,0,0,1,0,0,0,0,0,0,0,0,0,0,'',0,0,0,0,0),
	(240,0,0,0,0,1,0,0,1,0,0,0,0,0,0,0,0,0,0,'V√©rifier les versions',0,0,0,0,0),
	(241,0,0,0,0,0,0,0,0,0,0,0,0,0,0,0,0,0,0,'',0,0,0,0,0),
	(242,0,0,0,0,0,0,0,1,0,0,0,0,0,0,0,0,0,0,'',0,0,0,0,0),
	(243,0,0,0,0,0,0,0,0,0,0,1,0,0,0,0,0,0,0,'ISO',0,0,0,0,0),
	(244,0,0,0,0,1,0,0,0,0,1,0,0,0,0,0,0,0,0,'Sur Steam. Achet√© Noel 2018.',0,0,0,0,0),
	(245,0,0,0,0,0,0,0,0,1,1,0,0,0,1,2020,3,0,0,'',0,1,0,0,0),
	(246,0,0,0,0,1,0,0,0,0,0,0,0,0,0,0,0,0,0,'',0,0,0,0,0),
	(247,0,0,0,0,0,0,0,0,0,1,0,0,0,0,0,0,0,0,'',0,1,0,0,0),
	(248,0,0,0,0,0,0,0,0,0,0,0,0,0,0,0,0,0,0,NULL,0,0,0,0,0),
	(249,0,0,0,0,1,0,0,0,0,1,0,0,0,0,0,0,0,0,'',0,1,0,0,0),
	(250,0,0,0,0,0,0,1,0,0,0,1,0,0,0,0,0,0,0,'',0,0,0,0,0),
	(251,0,0,0,0,0,0,1,0,0,0,0,0,0,0,0,0,0,0,'',0,0,0,0,0),
	(252,0,0,0,0,0,0,0,0,0,0,0,0,0,0,0,0,0,0,'',0,0,0,0,0),
	(253,0,0,0,0,0,0,0,1,0,0,0,0,0,0,0,0,0,0,'',0,0,0,0,0),
	(254,0,0,0,0,0,0,0,1,0,0,0,0,0,0,0,0,0,0,'',0,0,0,0,0),
	(255,1,0,0,0,0,0,0,0,0,0,0,0,0,0,0,0,0,0,'',0,0,0,0,0),
	(256,1,0,0,0,0,0,0,0,0,0,0,0,0,0,0,0,0,0,'',0,0,0,0,0),
	(257,0,0,0,0,0,0,0,0,0,0,0,0,0,0,0,0,0,0,NULL,0,0,0,0,0),
	(258,0,0,0,0,0,0,0,1,0,0,0,0,0,0,0,0,0,0,'',0,0,0,0,0),
	(259,0,0,0,0,0,0,0,0,0,1,0,0,0,0,0,0,0,0,'',1,1,0,0,0),
	(260,0,0,0,0,0,0,0,0,0,1,0,0,0,0,0,0,0,0,'',0,0,0,0,0),
	(261,0,0,0,0,0,0,0,0,0,0,0,0,0,0,0,0,0,0,'',0,0,0,0,0),
	(262,0,0,0,0,0,0,0,1,0,1,0,0,0,0,0,0,0,0,'',0,1,0,0,0),
	(263,0,0,0,0,0,0,0,1,0,1,0,0,0,0,0,0,0,0,'',0,1,0,0,0),
	(264,0,0,0,0,0,0,0,0,0,1,0,0,0,0,0,0,0,0,'',0,1,0,0,0),
	(265,0,0,0,0,0,0,0,0,0,0,0,0,0,0,0,0,0,0,'',0,0,0,0,0),
	(266,0,0,0,0,0,0,0,0,0,0,0,0,0,0,0,0,0,0,'',0,0,0,0,0),
	(267,0,0,0,0,0,0,0,0,0,0,0,0,0,0,0,0,0,0,'',0,0,0,0,0),
	(268,0,0,0,0,0,0,0,0,0,0,0,0,0,0,0,0,0,0,'',0,0,0,0,0),
	(269,0,0,0,0,0,0,0,1,0,0,0,0,0,0,0,0,0,0,'',0,0,0,0,0),
	(270,0,0,0,0,0,0,0,1,0,0,0,0,0,0,0,0,0,0,'',0,0,0,0,0),
	(271,0,0,0,0,0,0,0,1,0,0,0,0,0,0,0,0,0,0,'',0,0,0,0,0),
	(272,0,0,0,0,0,0,0,1,0,0,0,0,0,0,0,0,0,0,'',0,0,0,0,0),
	(273,0,0,0,0,0,0,0,1,0,0,0,0,0,0,0,0,0,0,'',0,0,0,0,0),
	(274,0,0,0,0,0,0,0,0,0,0,0,0,0,1,2002,2,0,0,'',0,0,0,0,0),
	(275,0,0,0,0,0,0,0,0,0,0,0,0,0,1,1999,5,0,0,'Pr√™t√© par un copain',0,0,0,0,0),
	(276,0,0,0,0,0,0,0,0,0,1,0,0,0,1,1997,4,1,0,'Eu avec le HP de Claire, mais Palou me l\'avait donn√© avant de lui offrir le PC. √ât√© 1997, avant son entr√©e en seconde.\r\nNe marchait pas sur le Packard Bell car il fallait 16Mo de RAM alors qu\'il en avait que 8.\r\nJ\'avais du attendre l\'√©t√© 98 et le passage √† 40Mo, en attendant j\'y jouais un peu sur le PC de Claire.',0,1,0,0,0),
	(277,0,0,0,0,0,0,0,0,0,0,0,0,0,1,1997,4,0,0,'Je l\'ai d√©couvert sur N64 chez les Domergue.',0,0,0,0,0),
	(278,0,1,0,0,0,0,0,0,0,1,0,0,0,0,0,0,0,0,'Un des deux jeux que j\'ai achet√© avec la Wii',0,1,0,0,0),
	(279,0,0,0,0,0,0,0,1,0,0,0,0,0,0,0,0,0,0,'',0,0,0,0,0),
	(280,0,0,0,0,0,0,0,0,0,0,0,0,0,0,0,0,0,0,'',0,0,0,0,0),
	(281,0,0,0,0,1,0,0,0,0,1,0,0,0,0,0,0,0,0,'',0,1,0,0,8),
	(282,0,0,0,0,0,0,0,0,0,1,0,0,0,0,0,0,0,0,'',0,1,0,0,0),
	(283,0,0,0,0,0,0,0,0,0,1,0,0,0,1,2021,1,0,0,'',0,1,0,0,0),
	(284,1,0,0,0,1,0,0,0,0,1,0,0,0,0,0,0,0,0,'A une √©poque je l\'avais sur une compil (1999-2000)\r\nBoite et manuel en allemand',0,1,0,0,0),
	(285,0,0,0,0,1,0,0,0,0,0,0,0,0,0,0,0,0,0,'',0,0,0,0,0),
	(286,0,0,0,0,1,0,0,0,0,0,0,0,0,0,0,0,0,0,'',0,0,0,0,0),
	(287,0,0,0,0,1,0,0,0,0,0,0,0,0,0,0,0,0,0,'',0,0,0,0,0),
	(288,0,0,0,0,0,0,0,0,0,0,0,0,0,0,0,0,0,0,'',0,0,0,0,0),
	(289,0,0,1,1,0,0,0,0,0,1,1,0,1,1,2020,1,1,0,'D√©couvert en 1997. Achet√© en 1999 ou 2000 je crois, puis revendu rapidement car pas la patience. Puis Hall of fames 2020.\r\n\r\nId√©es de scenarios √† cr√©er (j\'ai les images es c outils dans mon DD) :\r\n- Offensive de la Sarre (carte ruhr et francfort) 1939\r\n- Invasion de la Sardaigne 1940\r\n- Bataille de Corse 1940\r\n- Bataille d\'Oran 1940\r\n- Bataille d\'Alger 1940\r\n- Bataille de Verdun septembre 1940\r\n- Verdun 1916\r\n- Nice juin 1940\r\n- Bataille de Tunis-Bizerte 1940-41\r\n- Eben Emael 1940\r\n- Bataille de Quebec 1941\r\n- Bataille de Montreal 1941',0,1,0,0,0),
	(290,0,0,0,0,0,0,0,1,0,0,0,0,0,0,0,0,0,0,'',0,0,0,0,0),
	(291,0,0,0,0,0,0,1,0,0,0,0,0,0,0,0,0,0,0,'',0,0,0,0,0),
	(292,0,0,1,0,0,0,0,0,0,1,0,0,1,1,2019,1,1,0,'Sc√©nario France 1900 : construire la flotte legacy + toutes les unit√©s pr√©vues (BB, CA, CL, P-A) y compris celles sans plan officiel (BC 1928, Saint-Louis, Lyon...)\r\n\r\nSc√©nario Italie 1930: utiliser mon mod de la flotte legacy.',0,0,0,0,0),
	(293,0,0,0,0,0,0,0,0,0,0,0,0,0,0,0,0,0,0,'',0,0,0,0,0),
	(294,0,0,0,0,1,0,0,0,0,1,0,0,0,0,0,0,0,0,'',1,1,0,0,0),
	(295,0,0,0,0,0,0,1,0,0,0,0,0,0,0,0,0,0,0,'',0,0,0,0,0),
	(296,0,0,0,0,0,0,1,0,0,0,0,0,0,0,0,0,0,0,'',0,0,0,0,0),
	(297,0,0,0,0,0,0,1,0,0,0,0,0,0,0,0,0,0,0,'',0,0,0,0,0),
	(298,0,0,0,0,0,1,0,0,0,0,0,0,0,0,0,0,0,0,'',0,0,0,0,0),
	(299,0,0,0,0,0,1,0,0,0,0,0,0,0,0,0,0,0,0,'',0,0,0,0,0),
	(300,0,0,0,0,0,1,0,0,0,0,0,0,0,0,0,0,0,0,'',0,0,0,0,0),
	(301,0,0,0,0,0,1,0,0,0,0,0,0,0,0,0,0,0,0,'',0,0,0,0,0),
	(302,0,0,0,0,0,1,0,0,0,0,0,0,0,0,0,0,0,0,'',0,0,0,0,0),
	(303,0,0,0,0,1,0,0,0,0,0,0,0,0,0,0,0,0,0,'',0,0,0,0,0),
	(304,0,0,0,0,0,0,0,1,0,0,0,0,0,0,0,0,0,0,'',0,0,0,0,0),
	(305,0,0,0,0,0,0,0,1,0,0,0,0,0,0,0,0,0,0,'',0,0,0,0,0),
	(306,0,0,0,0,0,0,0,0,0,1,0,0,0,0,0,0,0,0,'',0,1,0,0,0),
	(307,0,0,0,0,0,0,1,0,0,1,0,0,0,0,0,0,0,0,'',0,1,0,0,0),
	(308,0,0,0,0,0,0,1,0,0,1,0,0,0,0,0,0,0,0,'',0,1,0,0,0),
	(309,0,0,0,0,0,1,0,0,0,0,0,0,0,0,0,0,0,0,'',0,0,0,0,0),
	(310,1,0,0,0,0,0,0,0,0,1,0,0,1,1,2006,2,0,0,'Jeu en ligne, abo payant.\r\nLe solo c\'est juste pour s\'entra√Æner.\r\nJ\'y ai jou√© un mois en juillet-ao√ªt 2006 en attendant le r√©seau.',0,0,0,0,0),
	(311,0,0,0,0,0,0,1,0,0,0,0,0,0,0,0,0,0,0,'',0,0,0,0,0),
	(312,0,0,0,0,0,0,1,0,0,0,0,0,0,0,0,0,0,0,'',0,0,0,0,0),
	(313,0,0,0,0,0,0,0,1,0,0,0,0,0,0,0,0,0,0,'',0,0,0,0,0),
	(314,0,0,0,0,0,0,0,0,0,1,0,0,0,1,2021,3,0,0,'',0,1,0,0,0),
	(315,0,0,0,0,0,0,0,0,0,0,0,0,0,0,0,0,0,0,'',0,0,0,0,0),
	(316,0,0,0,0,0,0,1,0,0,0,0,0,0,0,0,0,0,0,'',0,0,0,0,0),
	(317,0,0,0,0,0,0,0,0,0,0,0,0,0,1,1996,3,1,0,'',0,0,0,0,0),
	(318,1,0,0,0,0,0,0,0,0,1,0,0,0,0,0,0,1,0,'Achet√© neuf d√©but 2000 apr√®s avoir vendu plein de jeux d\'occasion.\r\nMarchait bien avec le Pentium MMX 200 et la Voodoo 3 PCI.',0,1,0,0,0),
	(319,0,0,0,0,1,0,0,0,0,0,0,0,0,0,0,0,0,0,'',0,0,0,0,0),
	(320,0,0,0,0,0,0,0,0,0,1,0,0,0,1,2021,2,0,0,'',0,1,0,0,0),
	(321,0,0,0,0,0,0,0,0,0,1,0,0,0,0,0,0,0,0,'Bien moins int√©ressant que le premier. Sc√©nario trop d√©cousu.',0,1,0,0,0),
	(322,0,0,0,0,0,0,0,0,0,0,0,0,0,0,0,0,0,0,'',0,0,0,0,0),
	(323,0,0,0,0,1,0,0,0,0,1,0,0,0,0,0,0,0,0,'',0,1,0,0,7),
	(324,0,0,0,0,0,0,0,0,0,0,0,0,0,0,0,0,0,0,'',0,0,0,0,0),
	(325,0,0,0,0,0,0,0,0,0,1,0,0,0,0,0,0,0,0,'',0,0,0,0,0),
	(326,0,0,0,0,1,1,0,0,0,0,0,0,0,0,0,0,0,0,'',0,0,0,0,0),
	(327,0,0,0,0,1,0,0,0,0,0,0,0,0,0,0,0,0,0,'',0,0,0,0,0),
	(328,0,0,0,0,1,0,0,0,0,0,0,0,0,0,0,0,0,0,'',0,0,0,0,11),
	(329,0,0,0,0,1,1,0,0,0,0,0,0,0,0,0,0,0,0,'',0,0,0,0,0),
	(330,0,0,0,0,0,0,0,0,0,1,0,0,0,0,0,0,0,0,'',0,1,0,0,0),
	(331,0,0,0,0,0,0,0,0,0,0,0,0,0,1,2022,3,0,0,'',0,0,0,0,0),
	(332,0,0,0,0,0,0,0,1,0,0,0,0,0,0,0,0,0,0,'',0,0,0,0,0),
	(333,0,0,0,0,0,0,1,0,0,0,0,0,0,0,0,0,0,0,'',0,0,0,0,0),
	(334,0,0,0,0,1,0,0,0,0,1,0,0,0,0,0,0,0,0,'',0,1,0,0,0),
	(335,0,0,0,0,1,0,0,0,0,1,0,0,0,0,0,0,0,0,'',0,1,0,0,0),
	(336,0,0,0,0,0,0,0,1,0,0,0,0,0,0,0,0,0,0,'',0,0,0,0,0),
	(337,1,0,0,0,0,0,0,0,0,1,0,0,0,0,0,0,0,0,'Eu une copie par David pour mon anniversaire fin 1999. Il avait pris le soin d\'imprimer les jaquettes :)',1,1,0,0,0),
	(338,0,0,0,0,0,0,0,0,0,1,0,0,0,0,0,0,0,0,'',0,1,0,0,0),
	(339,0,0,0,0,1,0,0,0,0,1,0,0,0,0,0,0,0,0,'',1,1,0,0,0),
	(340,0,0,0,0,0,0,0,1,0,1,0,0,0,0,0,0,0,0,'',0,1,0,0,0),
	(341,0,0,0,0,1,0,0,0,0,1,0,0,0,0,0,0,0,0,'',1,1,0,0,0),
	(342,0,0,0,0,1,0,0,0,0,1,0,0,0,0,0,0,0,0,'',1,1,0,0,0),
	(343,0,0,0,0,1,0,0,0,0,1,0,0,0,0,0,0,0,0,'',0,1,0,0,0),
	(344,0,0,0,0,1,0,0,0,0,1,0,0,0,0,0,0,0,0,'',0,1,0,0,0),
	(345,1,0,0,0,0,0,0,0,0,1,0,0,0,0,0,0,0,0,'',0,1,0,0,0),
	(346,0,0,0,0,1,0,0,0,0,1,0,0,0,0,0,0,0,0,'',0,1,0,0,4),
	(347,0,0,0,0,1,0,0,0,0,1,0,0,0,0,0,0,0,0,'',1,1,0,0,5);

/*!40000 ALTER TABLE `games_meta` ENABLE KEYS */;
UNLOCK TABLES;


# Affichage de la table history
# ------------------------------------------------------------

DROP TABLE IF EXISTS `history`;

CREATE TABLE `history` (
  `id` int(11) unsigned NOT NULL AUTO_INCREMENT,
  `version_id` smallint(11) unsigned DEFAULT NULL,
  `year` smallint(6) unsigned NOT NULL,
  `position` smallint(6) unsigned NOT NULL,
  `watched` tinyint(3) unsigned NOT NULL DEFAULT '0',
  `played` tinyint(3) unsigned NOT NULL DEFAULT '0',
  PRIMARY KEY (`id`),
  KEY `game_id` (`version_id`)
) ENGINE=InnoDB DEFAULT CHARSET=utf8mb4;

LOCK TABLES `history` WRITE;
/*!40000 ALTER TABLE `history` DISABLE KEYS */;

INSERT INTO `history` (`id`, `version_id`, `year`, `position`, `watched`, `played`)
VALUES
	(2,231,2018,1,1,0),
	(3,95,2018,2,1,0),
	(4,40,2019,1,1,0),
	(5,248,2019,3,1,0),
	(6,41,2019,4,1,0),
	(7,238,2019,5,1,0),
	(8,68,2019,6,1,0),
	(11,247,2020,2,1,0),
	(13,114,2020,5,1,0),
	(14,207,2020,8,1,0),
	(15,149,2020,9,1,0),
	(16,261,2020,7,1,0),
	(17,210,2020,1,1,0),
	(18,132,2020,10,1,0),
	(19,245,2020,11,1,0),
	(20,55,2020,12,1,0),
	(21,20,2021,1,1,0),
	(22,225,2021,2,1,0),
	(23,265,2021,3,1,0),
	(25,21,2021,4,1,0),
	(27,257,2020,3,1,0),
	(29,211,2020,13,1,0),
	(30,262,2020,14,1,0),
	(31,263,2020,15,1,0),
	(32,235,2020,16,1,0),
	(33,260,2021,5,1,0),
	(35,214,2020,4,1,0),
	(36,289,2020,18,0,1),
	(37,24,2017,1,1,0),
	(38,266,2021,6,1,0),
	(39,230,2021,7,1,0),
	(40,98,2021,9,0,1),
	(41,190,2019,7,1,0),
	(43,264,2021,8,1,0),
	(44,227,2021,10,1,0),
	(45,252,2021,11,1,0),
	(46,168,2021,12,1,0),
	(47,195,2021,13,1,0),
	(48,108,2020,6,1,0),
	(49,22,2021,14,1,0),
	(50,37,2021,15,1,0),
	(51,283,2021,16,1,0),
	(52,177,2021,17,0,1),
	(53,164,2021,18,1,0),
	(54,282,2021,19,0,1),
	(55,122,2021,20,1,0),
	(56,309,2021,21,1,0),
	(57,267,2021,22,1,0),
	(58,131,2021,24,0,1),
	(59,292,2019,2,0,1),
	(60,186,2020,17,0,1),
	(61,268,2021,25,1,0),
	(62,310,2021,23,0,1),
	(63,8,2021,26,1,1),
	(64,314,2021,27,1,0),
	(66,325,2021,28,0,1),
	(67,107,2021,29,0,1),
	(68,236,2021,30,1,0),
	(69,243,2019,1,1,0),
	(70,315,2021,32,1,0),
	(71,245,2021,33,1,0),
	(72,204,2020,19,0,1),
	(73,204,2021,34,0,1),
	(74,324,2022,1,1,0),
	(75,244,2018,3,0,1),
	(76,321,2022,2,1,0),
	(77,106,2022,3,0,1),
	(78,204,2022,4,1,1),
	(79,269,2022,5,1,0),
	(80,280,2022,6,1,0),
	(82,191,2022,7,1,0),
	(83,331,2022,8,1,0),
	(84,87,2021,35,0,1),
	(85,87,2022,9,1,1),
	(86,90,2022,10,0,1),
	(87,241,2022,11,1,0),
	(88,338,2022,12,1,0),
	(89,80,2022,13,0,1);

/*!40000 ALTER TABLE `history` ENABLE KEYS */;
UNLOCK TABLES;


# Affichage de la table platforms
# ------------------------------------------------------------

DROP TABLE IF EXISTS `platforms`;

CREATE TABLE `platforms` (
  `id` tinyint(11) unsigned NOT NULL AUTO_INCREMENT,
  `name` varchar(255) NOT NULL DEFAULT '',
  PRIMARY KEY (`id`),
  UNIQUE KEY `name` (`name`)
) ENGINE=InnoDB DEFAULT CHARSET=utf8mb4;

LOCK TABLES `platforms` WRITE;
/*!40000 ALTER TABLE `platforms` DISABLE KEYS */;

INSERT INTO `platforms` (`id`, `name`)
VALUES
	(9,'Dreamcast'),
	(10,'Game Boy'),
	(5,'GameCube'),
	(7,'Megadrive II'),
	(4,'Nintendo 64'),
	(1,'PC'),
	(2,'Playstation'),
	(3,'Playstation 2'),
	(8,'Saturn'),
	(11,'Super Nintendo'),
	(6,'Wii');

/*!40000 ALTER TABLE `platforms` ENABLE KEYS */;
UNLOCK TABLES;


# Affichage de la table trades
# ------------------------------------------------------------

DROP TABLE IF EXISTS `trades`;

CREATE TABLE `trades` (
  `id` int(11) unsigned NOT NULL AUTO_INCREMENT,
  `version_id` smallint(11) unsigned DEFAULT NULL,
  `year` smallint(5) unsigned NOT NULL,
  `month` smallint(5) unsigned NOT NULL,
  `day` smallint(5) unsigned NOT NULL,
  `type` tinyint(5) unsigned NOT NULL,
  PRIMARY KEY (`id`),
  KEY `game_id` (`version_id`)
) ENGINE=InnoDB DEFAULT CHARSET=utf8mb4;

LOCK TABLES `trades` WRITE;
/*!40000 ALTER TABLE `trades` DISABLE KEYS */;

INSERT INTO `trades` (`id`, `version_id`, `year`, `month`, `day`, `type`)
VALUES
	(1,292,2019,6,15,1),
	(2,282,2021,5,1,1),
	(3,218,2021,5,2,1),
	(4,284,2021,5,2,1),
	(5,283,2021,5,2,1),
	(6,306,2021,5,2,1),
	(7,200,2021,5,2,1),
	(8,197,2021,5,2,1),
	(9,211,2020,7,22,1),
	(10,289,2020,6,19,1),
	(11,89,2021,4,25,1),
	(12,103,2021,6,14,1),
	(13,128,2021,6,10,1),
	(14,262,2021,5,19,1),
	(15,308,2021,5,19,1),
	(16,321,2021,5,19,1),
	(17,259,2021,5,16,1),
	(18,189,2021,5,16,1),
	(19,106,2021,5,16,1),
	(20,164,2021,5,2,1),
	(21,169,2021,4,27,1),
	(22,118,2021,4,25,1),
	(23,237,2021,4,25,1),
	(24,136,2021,4,25,1),
	(25,247,2021,4,25,1),
	(26,245,2021,4,25,1),
	(27,135,2021,4,25,1),
	(28,149,2021,4,13,1),
	(29,207,2021,4,13,1),
	(30,114,2021,4,13,1),
	(31,101,2021,4,13,1),
	(32,177,2021,4,13,1),
	(33,163,2021,4,13,1),
	(34,194,2021,4,13,1),
	(35,278,2020,6,10,1),
	(36,320,2021,9,5,1),
	(37,206,2021,5,2,1),
	(38,223,2021,5,9,1),
	(39,307,2021,5,9,1),
	(40,132,2021,5,9,1),
	(41,117,2021,5,9,1),
	(42,155,2021,5,9,1),
	(43,201,2021,5,10,1),
	(44,224,2017,8,1,1),
	(45,244,2018,12,24,1),
	(46,263,2021,5,22,1),
	(47,264,2021,5,19,1),
	(48,260,2021,5,19,1),
	(49,205,2012,2,1,1),
	(50,204,2012,2,1,1),
	(51,233,2017,8,2,1),
	(52,199,2017,8,2,1),
	(53,99,2011,4,1,1),
	(54,100,2011,4,1,1),
	(55,122,2011,4,1,1),
	(56,305,2021,5,16,1),
	(57,171,2010,12,1,1),
	(58,322,2010,12,1,1),
	(59,322,2011,2,1,0),
	(60,87,2011,4,30,1),
	(61,314,2021,10,10,1),
	(62,325,2021,10,10,1),
	(63,276,2022,1,16,1),
	(64,98,2022,1,16,1),
	(65,330,2022,1,16,1),
	(66,107,2022,1,16,1),
	(67,281,2022,2,5,1),
	(68,337,2022,2,5,1),
	(69,323,2022,2,5,1),
	(70,338,2022,3,15,1),
	(71,294,2022,3,27,1),
	(72,249,2022,3,27,1),
	(73,335,2022,3,27,1),
	(74,234,2022,4,1,1),
	(75,175,2022,4,1,1),
	(76,334,2022,4,1,1),
	(77,339,2022,4,1,1),
	(78,340,2022,4,1,1),
	(79,341,2022,4,1,1),
	(80,342,2022,1,1,1),
	(81,343,2022,5,1,1),
	(82,344,2022,5,1,1),
	(83,345,2022,5,1,1),
	(84,318,2022,5,1,1),
	(85,346,2022,5,1,1),
	(86,347,2022,5,1,1);

/*!40000 ALTER TABLE `trades` ENABLE KEYS */;
UNLOCK TABLES;


# Affichage de la table users
# ------------------------------------------------------------

DROP TABLE IF EXISTS `users`;

CREATE TABLE `users` (
  `id` int(11) unsigned NOT NULL AUTO_INCREMENT,
  `email` varchar(255) CHARACTER SET utf8mb4 NOT NULL DEFAULT '',
  `password` tinytext CHARACTER SET utf8mb4 NOT NULL,
  `salt` varchar(20) CHARACTER SET utf8mb4 NOT NULL DEFAULT '',
  `status` tinyint(1) unsigned NOT NULL DEFAULT '0',
  `user_name` varchar(255) CHARACTER SET utf8mb4 NOT NULL DEFAULT '',
  `token` varchar(255) DEFAULT NULL,
  PRIMARY KEY (`id`),
  UNIQUE KEY `email_2` (`email`),
  UNIQUE KEY `username` (`user_name`),
  KEY `email` (`email`)
) ENGINE=InnoDB DEFAULT CHARSET=latin1;

LOCK TABLES `users` WRITE;
/*!40000 ALTER TABLE `users` DISABLE KEYS */;

INSERT INTO `users` (`id`, `email`, `password`, `salt`, `status`, `user_name`, `token`)
VALUES
	(1,'foo@bar.com','2a3dba61836059c2916fc84cd67c00e765fa753cc4a5e2a103e2d171180582a2','TNdsZZAk',1,'Eric','tokentest123');

/*!40000 ALTER TABLE `users` ENABLE KEYS */;
UNLOCK TABLES;


# Affichage de la table versions
# ------------------------------------------------------------

DROP TABLE IF EXISTS `versions`;

CREATE TABLE `versions` (
  `version_id` smallint(11) unsigned NOT NULL AUTO_INCREMENT,
  `platform` int(11) NOT NULL,
  `game` int(11) NOT NULL,
  PRIMARY KEY (`version_id`),
  UNIQUE KEY `games_platforms` (`platform`,`game`)
) ENGINE=InnoDB DEFAULT CHARSET=latin1;

LOCK TABLES `versions` WRITE;
/*!40000 ALTER TABLE `versions` DISABLE KEYS */;

INSERT INTO `versions` (`version_id`, `platform`, `game`)
VALUES
	(101,1,8),
	(220,1,16),
	(276,1,29),
	(110,1,38),
	(89,1,96),
	(90,1,97),
	(91,1,98),
	(92,1,99),
	(93,1,100),
	(94,1,101),
	(95,1,102),
	(96,1,104),
	(97,1,105),
	(98,1,106),
	(99,1,107),
	(100,1,108),
	(102,1,110),
	(103,1,111),
	(104,1,112),
	(105,1,113),
	(106,1,114),
	(107,1,115),
	(108,1,116),
	(109,1,117),
	(111,1,119),
	(112,1,120),
	(113,1,121),
	(114,1,122),
	(115,1,123),
	(116,1,124),
	(117,1,125),
	(118,1,126),
	(119,1,127),
	(120,1,128),
	(121,1,129),
	(122,1,130),
	(123,1,132),
	(124,1,133),
	(125,1,134),
	(126,1,135),
	(127,1,136),
	(128,1,137),
	(129,1,138),
	(130,1,139),
	(131,1,140),
	(132,1,141),
	(133,1,142),
	(134,1,143),
	(135,1,144),
	(136,1,145),
	(137,1,146),
	(138,1,147),
	(139,1,148),
	(140,1,149),
	(141,1,150),
	(142,1,152),
	(143,1,153),
	(144,1,154),
	(145,1,155),
	(146,1,156),
	(147,1,157),
	(148,1,158),
	(149,1,159),
	(150,1,160),
	(151,1,161),
	(152,1,162),
	(153,1,163),
	(154,1,164),
	(155,1,165),
	(156,1,166),
	(157,1,167),
	(158,1,168),
	(159,1,169),
	(160,1,170),
	(161,1,171),
	(162,1,172),
	(163,1,174),
	(164,1,175),
	(165,1,176),
	(166,1,177),
	(167,1,178),
	(168,1,179),
	(169,1,180),
	(170,1,181),
	(171,1,182),
	(172,1,183),
	(173,1,184),
	(174,1,185),
	(175,1,186),
	(176,1,187),
	(177,1,188),
	(178,1,189),
	(179,1,190),
	(180,1,191),
	(181,1,192),
	(182,1,193),
	(183,1,194),
	(184,1,195),
	(185,1,196),
	(186,1,197),
	(187,1,198),
	(188,1,199),
	(189,1,200),
	(190,1,201),
	(191,1,202),
	(192,1,203),
	(193,1,204),
	(194,1,205),
	(195,1,206),
	(196,1,207),
	(197,1,208),
	(198,1,209),
	(199,1,210),
	(200,1,211),
	(201,1,213),
	(202,1,214),
	(203,1,215),
	(204,1,217),
	(205,1,218),
	(206,1,219),
	(207,1,220),
	(208,1,222),
	(209,1,223),
	(211,1,225),
	(212,1,229),
	(213,1,230),
	(214,1,231),
	(215,1,232),
	(216,1,233),
	(217,1,234),
	(218,1,236),
	(219,1,237),
	(221,1,239),
	(222,1,240),
	(223,1,241),
	(224,1,243),
	(225,1,245),
	(226,1,246),
	(227,1,247),
	(228,1,248),
	(229,1,249),
	(230,1,250),
	(231,1,251),
	(233,1,253),
	(234,1,255),
	(235,1,256),
	(236,1,257),
	(237,1,258),
	(239,1,260),
	(240,1,261),
	(241,1,262),
	(242,1,263),
	(243,1,264),
	(244,1,265),
	(245,1,267),
	(246,1,269),
	(247,1,270),
	(249,1,273),
	(250,1,274),
	(251,1,275),
	(252,1,276),
	(253,1,277),
	(254,1,279),
	(255,1,281),
	(256,1,282),
	(257,1,283),
	(258,1,284),
	(259,1,285),
	(260,1,286),
	(306,1,287),
	(262,1,288),
	(263,1,289),
	(264,1,290),
	(265,1,291),
	(266,1,292),
	(267,1,293),
	(268,1,294),
	(269,1,295),
	(270,1,296),
	(271,1,297),
	(272,1,298),
	(273,1,299),
	(279,1,305),
	(280,1,307),
	(282,1,309),
	(283,1,310),
	(284,1,311),
	(285,1,312),
	(286,1,313),
	(287,1,314),
	(288,1,315),
	(289,1,316),
	(290,1,319),
	(291,1,320),
	(292,1,321),
	(293,1,322),
	(294,1,323),
	(295,1,325),
	(296,1,326),
	(297,1,327),
	(298,1,328),
	(299,1,329),
	(300,1,330),
	(301,1,331),
	(302,1,332),
	(304,1,334),
	(305,1,335),
	(307,1,337),
	(308,1,338),
	(309,1,339),
	(310,1,340),
	(314,1,344),
	(318,1,348),
	(319,1,349),
	(321,1,351),
	(322,1,352),
	(330,1,360),
	(331,1,361),
	(332,1,362),
	(333,1,363),
	(335,1,366),
	(336,1,367),
	(337,1,368),
	(338,1,369),
	(339,1,370),
	(340,1,371),
	(341,1,372),
	(342,1,373),
	(343,1,374),
	(345,1,376),
	(16,2,17),
	(17,2,18),
	(18,2,19),
	(19,2,20),
	(20,2,21),
	(21,2,22),
	(22,2,23),
	(23,2,24),
	(24,2,25),
	(25,2,26),
	(26,2,27),
	(27,2,28),
	(28,2,29),
	(29,2,30),
	(30,2,31),
	(31,2,32),
	(32,2,33),
	(33,2,34),
	(34,2,35),
	(35,2,36),
	(36,2,37),
	(37,2,38),
	(38,2,39),
	(323,2,240),
	(238,2,259),
	(248,2,271),
	(261,2,287),
	(315,2,345),
	(324,2,354),
	(344,2,375),
	(58,3,61),
	(59,3,62),
	(60,3,64),
	(61,3,68),
	(62,3,69),
	(63,3,70),
	(64,3,71),
	(65,3,72),
	(66,3,73),
	(274,3,300),
	(303,3,333),
	(334,3,364),
	(277,4,27),
	(39,4,40),
	(40,4,41),
	(41,4,42),
	(42,4,43),
	(43,4,44),
	(44,4,45),
	(45,4,46),
	(46,4,47),
	(47,4,48),
	(48,4,49),
	(210,4,224),
	(275,4,301),
	(311,4,341),
	(312,4,342),
	(313,4,343),
	(325,4,355),
	(326,4,356),
	(329,4,359),
	(70,5,21),
	(67,5,74),
	(68,5,75),
	(69,5,76),
	(71,5,78),
	(72,5,79),
	(73,5,80),
	(74,5,81),
	(75,5,82),
	(76,5,83),
	(320,5,350),
	(77,6,84),
	(78,6,85),
	(79,6,86),
	(80,6,87),
	(81,6,88),
	(82,6,89),
	(83,6,90),
	(84,6,91),
	(85,6,92),
	(86,6,93),
	(87,6,94),
	(88,6,95),
	(278,6,304),
	(1,7,1),
	(2,7,2),
	(3,7,3),
	(4,7,4),
	(5,7,5),
	(6,7,6),
	(7,7,7),
	(8,8,8),
	(9,8,9),
	(10,8,10),
	(11,8,11),
	(12,8,13),
	(13,8,14),
	(14,8,15),
	(15,8,16),
	(346,8,377),
	(347,8,378),
	(49,9,50),
	(50,9,51),
	(51,9,52),
	(52,9,53),
	(53,9,54),
	(54,9,56),
	(55,9,58),
	(56,9,59),
	(57,9,60),
	(281,9,308),
	(232,10,252),
	(317,10,347),
	(316,11,346),
	(327,11,357),
	(328,11,358);

/*!40000 ALTER TABLE `versions` ENABLE KEYS */;
UNLOCK TABLES;



/*!40111 SET SQL_NOTES=@OLD_SQL_NOTES */;
/*!40101 SET SQL_MODE=@OLD_SQL_MODE */;
/*!40014 SET FOREIGN_KEY_CHECKS=@OLD_FOREIGN_KEY_CHECKS */;
/*!40101 SET CHARACTER_SET_CLIENT=@OLD_CHARACTER_SET_CLIENT */;
/*!40101 SET CHARACTER_SET_RESULTS=@OLD_CHARACTER_SET_RESULTS */;
/*!40101 SET COLLATION_CONNECTION=@OLD_COLLATION_CONNECTION */;
